Type;Link;First-Shared
fake;"[Who: ""Daily media briefing on #2019nCoV with @DrTedros""](https://www.pscp.tv/w/crk5uji2mtaymhwxwmtlekx3zuxswkp2uyshzlcvq_ert2xaeyceulujhjmytwgpwcovr7qjusc=)";2020/02/11
fake;[NO TITLE ERROR](https://twitter.com/travelito24/status/1241684250031783938);2020/03/24
fake;[NO TITLE ERROR](https://twitter.com/goodable/status/1247733148580012032/video/1);2020/04/08
fake;[Breast Milk Could Hold Clues to Coronavirus Protection. This New York City Researcher Wants to Study Yours.](https://bit.ly/2ut91yf);2020/04/09
fake;['Sports Tower' at Gachibowli Stadium turns into Covid-19 isolation centre](https://bit.ly/2wv5v3t);2020/04/21
partiallyfalse;[Spike mutation pipeline reveals the emergence of a more transmissible form of SARS-CoV-2 | bioRxiv](https://www.biorxiv.org/content/10.1101/2020.04.29.069054v1);2020/05/06
fake;[Ni Italia ha descubierto la cura del coronavirus, ni la causa de la enfermedad es una bacteria, ni la OMS ha prohibido hacer autopsias - Maldita.es](https://buff.ly/2sfj4b2);2020/05/07
partiallyfalse;[Coronavirus News and Latest Updates](https://cnb.cx/2u4uc6g);2020/05/19
fake;[ArcGIS Dashboards](https://arcg.is/xvusx);2020/05/20
fake;[Rep. Alexandria Ocasio-Cortez says essential workers 'keep the lights on in our society' - ABC News](https://abcn.ws/2ljnk53);2020/05/20
fake;[NO TITLE ERROR](https://twitter.com/mumbaipolice/status/1264660808254054400?s=19);2020/05/24
fake;[SSP](https://bit.ly/2zf867w);2020/05/25
partiallyfalse;[Prima di continuare su YouTube](https://youtu.be/ilxrmk8epjq);2020/05/26
partiallyfalse;[NO TITLE ERROR](https://twitter.com/ramkadam/status/1265492365336293377);2020/05/27
fake;[#StopDCR](http://desantisactnow.com);2020/05/27
fake;[This Is Daddy Yankee | Spotify Playlist](https://open.spotify.com/playlist/37i9dqzf1dwvec1on0czuo?si=79rjb-_7q-aywdcxlopbqa);2020/06/06
partiallyfalse;"[Who: ""Media briefing on #COVID19 with @DrTedros""](https://www.pscp.tv/w/caz-iji2mtaymhwxqmrhww5qv29kqupyhvrpcrkovt4aqjw_f7fyg8xxfkg5eetozlnqgkfe62a=)";2020/06/08
fake;[NO TITLE ERROR](https://twitter.com/cnbc/status/1270057840774983683);2020/06/08
fake;[Advice on the use of masks in the community, during home care and in healthcare settings in the context of the novel coronavirus (COVID-19) outbreak](https://www.who.int/publications/i/item/advice-on-the-use-of-masks-in-the-community-during-home-care-and-in-healthcare-settings-in-the-context-of-the-novel-coronavirus-(2019-ncov)-outbreak);2020/06/08
partiallyfalse;[Factors that make an infectious disease outbreak controllable | PNAS](https://www.pnas.org/content/101/16/6146);2020/06/08
fake;[Página não encontrada - Encurtador de URL - Encurtador de Link - Bityli](https://bityli.com/hrzss);2020/06/09
fake;"[Fernán Quirós: ""[AHORA] Conferencia de prensa junto a Daniel Ferrante, Gabriel Battistella, Paula Zingoni y Laura Cordero para informar sobre la situación sanitaria actual de la Ciudad.""](https://www.pscp.tv/w/ca4tqdf6dkvoywviwvlkamv8mu9ks3jxruxmrvfhwps1jth-5zlfnj_k8guanbzj2kfts450swehaqyvbhhz)";2020/06/09
fake;[Newsmax TV | Live News | Videos - Find NewsmaxTV](http://nws.mx/tv);2020/06/09
fake;[NO TITLE ERROR](https://twitter.com/pibfactcheck/status/1270641032909123585);2020/06/10
fake;[404 Not Found](https://plataforma.quieroauditoriaenergetica.org/blog/14-categoria-blog-1/513-bruselas-5ge-covid);2020/06/11
fake;[ERROR: The request could not be satisfied](https://bci.utah.gov/concealed-firearm/general-information/concealed-firearm-permit-frequently-asked-questions/);2020/06/24
fake;[NO TITLE ERROR](https://twitter.com/carolourdesm/status/1275891764562464768);2020/06/24
partiallyfalse;[Prima di continuare su YouTube](https://youtu.be/sbmgj3acg2y?t=2);2020/06/25
partiallyfalse;[NO TITLE ERROR](https://twitter.com/sunniarab2019/status/1278050092151439360);2020/07/01
fake;[California Gov. Gavin Newsom on The View: 'We are the most un-Trump state in America' - ABC News](http://abcn.ws/31hdv8p);2020/02/10
fake;"[Who: ""Media briefing on #COVID19 with @DrTedros. #coronavirus""](https://www.pscp.tv/w/cte04ti2mtaymhwxzgp4wffrcufwvktapjgvdykprvkmqx0ql9kidsnjzyp0uddstx5lwsbm8uq=)";2020/03/11
fake;[Robredo on quarantine: Too much focus on police, military, too little on health](http://bit.ly/3czfslp);2020/03/15
partiallyfalse;[The New Humanitarian | News feature](https://bit.ly/3a9atrj);2020/04/15
fake;"[Le secrétaire d'Etat Cédric O sur le traçage des malades : ""Oui, l'application StopCovid est utile""](https://www.lejdd.fr/politique/le-secretaire-detat-cedric-o-sur-le-tracage-des-malades-oui-lapplication-stopcovid-est-utile-3964376)";2020/04/26
fake;[TIMEOUT ERROR](http://gst.gov.in);2020/05/03
fake;[ãçåºã®ã²ã£è¿«ç¶æ³ãæ±äº¬é¤ãç·©åå¾å å»çä½å¶ã¯æ´åå¿è¦ | NHKãã¥ã¼ã¹](https://www3.nhk.or.jp/news/html/20200512/k10012426541000.html);2020/05/12
partiallyfalse;[NO TITLE ERROR](https://publichealthmdc.com/documents/forward_dane.pdf);2020/05/19
fake;[Over 100 Recoverded from Covid-19 with CDS by Physicians of the AEMEMI](https://lbry.tv/@kalcker:7/100-recovered-aememi-1:7);2020/05/20
fake;[GEN](http://gen.com.py);2020/05/21
fake;[ScienceDirect](https://www.sciencedirect.com/science/article/pii/s0761842517309415);2020/05/21
fake;[|](https://unnwo.org/);2020/05/24
partiallyfalse;[Wisconsin tourism officials encourage people to not travel to seasonal homes](https://www.nbc15.com/content/news/wisconsin-tourism-officials-encourage-people-to-not-travel-outside-home-communities-570735071.html);2020/05/26
fake;[Files · master · TousAntiCovid sources / StopCovid iOS · GitLab](https://gitlab.inria.fr/stopcovid19/stopcovid-ios/-/blob/master/stopcovid-ios.zip);2020/05/26
fake;[Files · master · TousAntiCovid sources / StopCovid android · GitLab](https://gitlab.inria.fr/stopcovid19/stopcovid-android/-/blob/master/stopcovid-android.zip);2020/05/26
fake;[Coronavirus en Barranquilla: ciudadanos se niegan a practicarse test de COVID-19](http://buff.ly/302mj07);2020/06/02
fake;[CONNECTION ERROR](https://bit.ly/2xzwltv);2020/06/04
partiallyfalse;[IBERIA.COM in Italia - i migliori prezzi per i voli Iberia](http://iberia.com);2020/06/04
fake;[Fact check: Ramakrishna hospital has neither been sealed nor has its staff tested positive for COVID 19](https://newsmeter.in/fact-check-ramakrishna-hospital-has-neither-been-sealed-nor-has-its-staff-tested-positive-for-covid-19/amp/);2020/06/08
partiallyfalse;"[Who: ""Live on #COVID19 transmission with @DrMikeRyan & Dr @mvankerkhove. #AskWHO""](https://www.pscp.tv/w/ca41sji2mtaymhwxdkfhunjhqk1nukdsjwws0eqifd5td6zzf587shtgk7jkucak4hxoersgoeg=)";2020/06/09
fake;[الصفحة غير موجودة - 24 ساعة](https://www.24saa.ma/246612.html);2020/08/15
fake;[NO TITLE ERROR](https://twitter.com/who/status/1235949172236247040?s=20);2020/03/06
fake;[Prima di continuare su YouTube](https://www.youtube.com/watch?v=sepagitk9sm);2020/03/22
fake;[NO TITLE ERROR](https://twitter.com/nbcnews/status/1242212084647104514);2020/03/24
fake;[NO TITLE ERROR](https://bit.ly/2ravt42);2020/04/03
fake;[ Page Not Found • Instagram](https://www.instagram.com/p/b_nngxphgii/?igshid=1wjkaq0zxqehl);2020/04/20
fake;[Hoogste Limburgse carnavalsonderscheiding naar Eurocommissaris Frans Timmermans - L1](https://l1.nl/hoogste-limburgse-carnavalsonderscheiding-naar-eurocommissaris-frans-timmermans-141567/);2020/04/29
fake;[NO TITLE ERROR](https://twitter.com/chrisklomp/status/1255234718288707585);2020/04/29
fake;[NO TITLE ERROR](https://twitter.com/veja/status/1255656534484365312);2020/04/30
fake;[Vice President Pence Delivers PPE to Woodbine Rehabilitation Center | C-SPAN.org](https://www.c-span.org/video/?471876-1/vice-president-pence-delivers-ppe-woodbine-rehabilitation-center);2020/05/08
fake;[NO TITLE ERROR](https://twitter.com/mattmfm/status/1258750892448387074);2020/05/08
fake;[NO TITLE ERROR](https://twitter.com/davidmackau/status/1258765030411186177);2020/05/08
fake;[Project not found - Infogram](http://bit.ly/reportecovid-19);2020/05/08
partiallyfalse;[NO TITLE ERROR](https://twitter.com/djjudd/status/1259999110188412928);2020/05/12
fake;[NO TITLE ERROR](https://twitter.com/santitaj/status/1260178025397858306);2020/05/12
fake;[Día Internacional de la Enfermera: Investen-isciii recuerda la relevancia de la investigación en cuidados para mejorar la práctica clínica](https://bit.ly/2ytsryf);2020/05/12
fake;[Prima di continuare su YouTube](http://youtu.be/ippt7gje4zm);2020/05/12
fake;[The Tweeted Times - personal newspaper generated from your Twitter account](http://tweetedtimes.com/geoweeb?s=tnp);2020/05/14
partiallyfalse;[NO TITLE ERROR](https://twitter.com/bellmanequation/status/1262723291195858945);2020/05/19
partiallyfalse;[NO TITLE ERROR](https://www.cms.gov/files/document/qso-20-14-nh-revised.pdf);2020/05/21
partiallyfalse;[NO TITLE ERROR](https://twitter.com/nypost/status/1263175238059163648);2020/05/21
fake;[NO TITLE ERROR](https://twitter.com/drtedros/status/1263370492590919681);2020/05/21
fake;[NO TITLE ERROR](https://science.sciencemag.org/content/sci/early/2020/06/22/science.abc6810.full.pdf);2020/06/24
fake;[Coronavirus disease (COVID-19)](http://bit.ly/2tbtrb0);2020/02/04
fake;[Coronavirus disease (COVID-19): What parents should know | UNICEF](https://www.unicef.org/stories/novel-coronavirus-outbreak-what-parents-should-know);2020/03/07
fake;[Bloomberg - Are you a robot?](https://www.bloomberg.com/news/articles/2020-03-29/gottlieb-says-social-distancing-must-go-on-until-infection-slows);2020/03/30
partiallyfalse;[Worldometer - real time world statistics](http://worldometers.info);2020/04/10
fake;[NO TITLE ERROR](https://twitter.com/fordmich/status/1254127200179273729);2020/04/25
fake;[The White House Gift Shop is selling coronavirus commemorative coins now / LGBTQ Nation](https://www.lgbtqnation.com/2020/04/white-house-gift-shop-selling-coronavirus-commemorative-coins-now/);2020/04/29
fake;[La Seguridad Social no te ha enviado ningún reembolso por correo electrónico | Oficina de Seguridad del Internauta](https://bit.ly/2yyut2r);2020/05/01
fake;[Provisional Death Counts for Coronavirus Disease 2019 (COVID-19)](https://www.cdc.gov/nchs/nvss/vsrr/covid19/index.htm);2020/05/02
fake;[Prima di continuare su YouTube](https://www.youtube.com/watch?v=j-vdmt9vyfw);2020/05/02
fake;[Video shock, Grillo con la mascherina il 17 dicembre. Chi sapeva? (Video) - 7colli.it](https://www.7colli.it/video-shock-grillo-con-la-mascherina-il-17-dicembre-chi-sapeva-video-9217/);2020/05/03
fake;[Active Monitoring of Persons Exposed to Patients with Confirmed COVID-19 â United States, JanuaryâFebruary 2020  | MMWR](https://www.cdc.gov/mmwr/volumes/69/wr/mm6909e1.htm?s_cid=mm6909e1_w);2020/05/04
fake;[Carta Abierta - Equis](http://bit.ly/-cartaab);2020/05/06
fake;[404 Not Found](https://ncdc.gov.ng/diseases/sitreps/?cat=14&name=an%20update%20of%20covid-19%20outbreak%20in%20nigeria);2020/05/07
fake;[House GOP urge Trump against supporting additional funding for state and local governments | TheHill](https://thehill.com/homenews/house/496735-house-gop-urge-trump-against-supporting-additional-funding-for-state-and-local);2020/05/08
fake;[Prima di continuare su YouTube](https://youtu.be/aika0nunc-u);2020/05/10
fake;[NO TITLE ERROR](https://twitter.com/pibfactcheck/status/1260106349062418432);2020/05/12
fake;[NO TITLE ERROR](https://twitter.com/zoo_bear/status/1260623018453200897);2020/05/13
partiallyfalse;[Prima di continuare su YouTube](https://youtu.be/bbkfzhdpqya);2020/05/20
partiallyfalse;[NO TITLE ERROR](https://twitter.com/numerama/status/1265241858118242304);2020/05/26
fake;[Infections Swamp the U.S., Which Recorded 42% of All Its Coronavirus Cases in July - The New York Times](https://nyti.ms/3fokihk);2020/08/01
fake;[Links - Health Protection Surveillance Centre](https://bit.ly/3eo6cpz);2020/08/04
fake;[NO TITLE ERROR](https://twitter.com/pau_vega13/status/1291571195708571649);2020/08/07
fake;[NO TITLE ERROR](https://www.freitag.de/autoren/magda/corona-gibts-schon-eine-weile);2020/03/16
partiallyfalse;"[CMO Maharashtra: ""CM Uddhav Balasaheb Thackeray addressing the State""](https://www.pscp.tv/w/cuxw2dfvuetmtvjiwlpvamr8mwxqsnfwcwd6dmx4yj86pi104dx_gdkefuhaizevxuecsjf9kd3qfyg7ioie)";2020/03/22
partiallyfalse;"[Coronavirus Live Updates: Lockdown, unprecedented restrictions across the country;  trains, bus services suspended till March 31](http://bit.ly/2utlv06)";2020/03/23
fake;[ÐÐ°ÐºÐµÐ´Ð¾Ð½ÑÐºÐ¸ - ÐÐ¾ÑÐµÑÐ½Ð°](http://teamoderna.com.mk/);2020/04/02
fake;[NO TITLE ERROR](https://twitter.com/ani/status/1245748045670645762);2020/04/02
fake;[ジョンソン首相の怒り＝輸入検査キット、中共ウイルスが付着　故意か – 看中国 / VisionTimesJP](https://www.visiontimesjp.com/?p=5170&fbclid=iwar3loazm05f0t-ub_65tficvx2plzlwxm-ycps-dulzoe1u41kn04impv3k);2020/04/15
fake;[L'Heure des Pros du 17/04/2020 | CNEWS](https://bit.ly/3aejshw);2020/04/17
partiallyfalse;[COVID-19 Antibody Seroprevalence in Santa Clara County, California | medRxiv](https://www.medrxiv.org/content/10.1101/2020.04.14.20062463v1);2020/04/18
partiallyfalse;[ ](http://createsend.com/t/j-296d9d8ce54262bb2540ef23f30feded);2020/04/20
partiallyfalse;[NO TITLE ERROR](https://twitter.com/lizszabo/status/1252327041560653830);2020/04/20
fake;[Comunicado sobre el Seguro de Vehículos Automotores y/o Remolcados | Argentina.gob.ar](https://www.argentina.gob.ar/noticias/comunicado-sobre-el-seguro-de-vehiculos-automotores-yo-remolcados);2020/04/21
fake;[Press Information Bureau](https://pib.gov.in/pressrelesedetail.aspx?prid=1617152);2020/04/22
fake;[CAMS tracks a record-breaking Arctic ozone hole | Copernicus](https://bit.ly/39jqru8);2020/04/23
fake;[Don't eat or inject yourself with disinfectant, warns FDA commissioner](https://cnn.it/2yddvvw);2020/04/24
fake;[McConnell pushes 'bankruptcy route' as local governments struggle - POLITICO](https://politi.co/351sbpi);2020/04/24
fake;[403 Forbidden](https://sharechecklist.gov.uk);2020/04/26
fake;[¿Sabes por qué decenas de camiones salieron este sábado a las calles de Ourense?](https://www.laregion.es/articulo/quen-cho-dixo/sabes-decenas-camiones-salieron-sabado-calles-ourense/20200426080823941975.html);2020/04/26
fake;[Two Bakersfield doctors cite their testing data to urge reopening | News | bakersfield.com](https://www.bakersfield.com/news/two-bakersfield-doctors-cite-their-testing-data-to-urge-reopening/article_eb1959e0-84fa-11ea-9a07-2f2bea880bf9.html);2020/04/26
partiallyfalse;[Prima di continuare su YouTube](https://m.youtube.com/watch?feature=youtu.be&v=xflvxx_lblu);2020/04/26
fake;[Earth Finally Fixed Largest Ozone Layer Hole Above Arctic, Healing 1 Million Square Km](https://www.indiatimes.com/technology/science-and-future/earth-finally-fixed-largest-ozone-layer-hole-above-arctic-healing-1-million-square-km-511794.html);2020/04/26
fake;[Prima di continuare su YouTube](https://youtu.be/fc2fvzuehna);2020/04/27
fake;[Statement from Tasuku Honjo on COVID-19 | KYOTO UNIVERSITY](https://www.kyoto-u.ac.jp/en/about/events_news/department/koto-kenkyu-in/news/2020/200427_1.html);2020/04/28
fake;[‘White House’ Gift Shop Sells COVID-19 Commemorative Coins](https://www.thedailybeast.com/white-house-gift-shop-sells-covid-19-commemorative-coins);2020/04/29
fake;[Prima di continuare su YouTube](https://www.youtube.com/watch?v=eqb1vxhkaas);2020/05/05
fake;[Prevalence of Asymptomatic SARS-CoV-2 Infection: A Narrative Review: Annals of Internal Medicine: Vol 173, No 5](https://www.acpjournals.org/doi/10.7326/m20-3012);2020/06/03
fake;[Página no encontrada [/multimedia/videos/consejoministros/Paginas/directo.aspx]](https://www.lamoncloa.gob.es/multimedia/videos/consejoministros/paginas/directo.aspx);2020/07/06
fake;[NO TITLE ERROR](https://twitter.com/abominablebob/status/1234628542337605632);2020/03/03
fake;[NO TITLE ERROR](https://twitter.com/bjp4delhi/status/1239840390598942721);2020/03/17
fake;[BBC - Error 404: Not Found](http://bbc.com/africa);2020/03/20
fake;[Corona Virus: Nigerians Deserve Palliative Measures.](https://link.medium.com/tmigqi0684);2020/03/25
partiallyfalse;[NO TITLE ERROR](https://twitter.com/lindaitalian/status/1243857275896430593);2020/03/28
fake;[NO TITLE ERROR](https://twitter.com/kanwardeepstoi/status/1244508599038009344);2020/03/30
fake;[Hackers Take Advantage of Zoom's Popularity to Push Malware](https://bit.ly/2xjvjvt);2020/04/01
fake;[Prima di continuare su YouTube](https://m.youtube.com/watch?v=c3bfraooh84);2020/04/02
partiallyfalse;[NO TITLE ERROR](https://twitter.com/i/broadcasts/1jmjgqolmoekl);2020/04/03
partiallyfalse;[NO TITLE ERROR](https://ustr.gov/sites/default/files/enforcement/301investigations/%24300_billion_exclusions_granted_march_2020.pdf);2020/04/04
fake;[Release notes for Windows – Zoom Help Center](https://support.zoom.us/hc/en-us/articles/201361953-new-updates-for-windows);2020/04/08
partiallyfalse;[NO TITLE ERROR](https://twitter.com/steph93065/status/1247340325389164545/video/1);2020/04/13
fake;[NO TITLE ERROR](https://twitter.com/vivekagnihotri/status/1249880094832611328/photo/1);2020/04/14
fake;[NO TITLE ERROR](https://twitter.com/itamarbengvir/status/1250035253638545409);2020/04/14
fake;[NO TITLE ERROR](https://twitter.com/repbobbyrush/status/1250417889510899712);2020/04/15
fake;[Los anestesistas advierten de los respiradores turcos - Diario Sanitario](https://diariosanitario.com/anestesistas-respiradores-turquia/);2020/04/15
fake;[Evolutionary origins of the SARS-CoV-2 sarbecovirus lineage responsible for the COVID-19 pandemic | bioRxiv](https://www.biorxiv.org/content/10.1101/2020.03.30.015008v1);2020/04/16
partiallyfalse;[Live | I24NEWS](http://i24ne.ws/hajm30po6e4);2020/04/16
fake;[Suman 114 los trabajadores de la salud con coronavirus en todo el país | Perfil](https://www.perfil.com/noticias/ciencia/suman-114-los-trabajadores-de-la-salud-con-coronavirus-en-todo-el-pais.phtml);2020/04/16
fake;[NO TITLE ERROR](https://twitter.com/shehanmlive/status/1252584478368645120);2020/04/21
fake;[Statement by President Cyril Ramaphosa on South Africa's response to the coronavirus pandemic, Union Buildings, Tshwane | The Presidency](https://bit.ly/2xyysfp);2020/04/23
fake;[Access Restricted](https://wgnradio.com/the-sunday-spin-politics-with-rick-pearson/residents-in-downstate-il-continue-to-seek-a-reasonable-explanation-from-gov-j-b-priztker-about-his-28-day-phasing-plan/);2020/05/11
fake;[NO TITLE ERROR](https://twitter.com/specialistkrant/status/1289159027663024128);2020/07/31
fake;[Noticias Caracol: Principales Noticias de Colombia y el Mundo](http://bit.ly/2uqzkwl);2020/02/25
fake;[Coronavirus in South Korea: How 'trace, test and treat' may be saving lives - BBC News](http://bbc.in/38ngapd);2020/03/15
partiallyfalse;[Franceinfo - En direct](https://bit.ly/2ujcrus);2020/03/18
partiallyfalse;[HCQ_AZ_COVID_19/* 22MarchPREPRINT_AALover_HCQ_AZ_COVID_19.pdf at master · andrewlover/HCQ_AZ_COVID_19 · GitHub](https://github.com/andrewlover/hcq_az_covid_19/blob/master/*%2022marchpreprint_aalover_hcq_az_covid_19.pdf);2020/03/22
partiallyfalse;[NO TITLE ERROR](https://www.mediterranee-infection.com/wp-content/uploads/2020/03/covid-ihu-2-1.pdf);2020/03/28
fake;[NO TITLE ERROR](https://twitter.com/sandoz_global/status/1244442713711353856);2020/03/30
fake;[Cinquante personnes positives au Covid-19 sur le porte-avions Charles-de-Gaulle | LCI](https://bit.ly/3duh6wh);2020/04/02
fake;[NO TITLE ERROR](https://twitter.com/whosearo/status/1246804406705614848?s=19);2020/04/05
fake;[NO TITLE ERROR](https://twitter.com/reetjain15/status/1246864241274933249);2020/04/05
fake;[Where Have All the Heart Attacks Gone? - The New York Times](https://www.nytimes.com/2020/04/06/well/live/coronavirus-doctors-hospitals-emergency-care-heart-attack-stroke.html);2020/04/06
fake;[Page non trouvée - TÊTU](https://tetu.com/2020/04/07/la-ministre-de-la-sante-israelien-est-atteint-du-covid-19-une-punition-contre-lhomosexualite-selon-lui/);2020/04/07
fake;[NO TITLE ERROR](https://twitter.com/vjdabodiya/status/1247859948777701376/video/1);2020/04/08
fake;[महिला कोरोना फाइटर को ब्रेन हेमरेज, 24 घंटे तक डॉक्टरों ने देखा भी नहीं, कोमा में चली गई | MP NEWS](https://www.bhopalsamachar.com/2020/04/24-mp-news.html?m=1);2020/04/09
fake;[Mythbusters](http://bit.ly/covid19mythbusters);2020/04/09
fake;[Not Found](http://bit.ly/ary-news);2020/04/10
fake;[403 Forbidden](https://bit.ly/2xgsdbg);2020/04/10
fake;[Prima di continuare su YouTube](https://youtu.be/rayjn0acczw);2020/04/10
fake;[Telegram: Contact @VOXtelegram](https://t.me/voxtelegram);2020/04/11
fake;[NO TITLE ERROR](https://twitter.com/infobae/status/1249304650156834821);2020/04/12
fake;[NO TITLE ERROR](https://twitter.com/govwhitmer/status/1249428640548507657?s=20);2020/04/12
fake;[Jacques: Confusion over stay-home order leads to car-seat ban at UP store](https://www.detroitnews.com/story/opinion/columnists/ingrid-jacques/2020/04/12/jacques-michigan-weeds-ok-but-car-seats-nope/2978644001/);2020/04/12
fake;[Comunicado de WhatsApp - Información sobre Facebook](https://about.fb.com/es/news/2020/04/comunicado-de-whatsapp/);2020/04/13
fake;[Public statement for collaboration on COVID-19 vaccine development](https://bit.ly/3a7s38c);2020/04/13
fake;[剑桥大学学者：新冠病毒传播始于中国，地点或是广东](https://bit.ly/3bp71eh);2020/04/16
fake;[Aarogya Setu - Apps on Google Play](https://play.google.com/store/apps/details?id=nic.goi.aarogyasetu);2020/05/21
fake;[AarogyaSetu on the App Store](https://apps.apple.com/in/app/aarogyasetu/id1505825357);2020/05/21
fake;[NO TITLE ERROR](https://twitter.com/_digitalindia/status/1263508703224819712);2020/05/21
fake;[PubMed](http://pubmed.gov);2020/07/22
fake;[Not Found](https://play.google.com/store/apps/details?id=com.pedometer.sixpackworkout.loseweight);2020/07/25
fake;[Mythbusters](https://www.who.int/emergencies/diseases/novel-coronavirus-2019/advice-for-public/myth-busters);2020/02/12
fake;[An Effective Treatment for Coronavirus (COVID-19)_](https://docs.google.com/document/d/e/2pacx-1vti-g18ftnzumraj2swrpodtscfio7bj7gdngbjagbdff67wurjb3zsidgpidb2eocfhavjil-7dej7/pub);2020/03/13
fake;[How the World Bank Group is helping countries with COVID-19 (coronavirus)](https://bit.ly/39vehnw);2020/03/16
fake;[Coronavirus Can Be Stopped Only by Harsh Steps, Experts Say - The New York Times](https://www.nytimes.com/2020/03/22/health/coronavirus-restrictions-us.html);2020/03/23
fake;[NO TITLE ERROR](https://twitter.com/thequint/status/1243109462648315904);2020/03/27
fake;[Rudy Giuliani's Common Sense](http://rudygiulianics.com);2020/03/29
fake;[NO TITLE ERROR](https://twitter.com/secazar/status/1244445179521744899);2020/03/30
fake;[NO TITLE ERROR](https://twitter.com/theprintindia/status/1244453308959342594);2020/03/30
fake;[gov.ie - Department of Housing, Local Government and Heritage](https://www.housing.gov.ie/planning/covid-19-coronavirus/public-participation-period-planning-system-extended);2020/03/30
fake;[Medtronic to share ventilator designs](https://www.rte.ie/news/business/2020/0330/1127365-medtronic-to-share-ventilator-designs/);2020/03/30
fake;[El Coronavirus en Colombia](http://www.coronaviruscolombia.gov.co);2020/03/31
partiallyfalse;[NO TITLE ERROR](https://twitter.com/ani/status/1245348753705504768);2020/04/01
partiallyfalse;[布マスクは有効？　WHOは「どんな状況でも勧めない」 [新型コロナウイルス]：朝日新聞デジタル](http://www.asahi.com/articles/asn424d52n42ulbj003.html?ref=tw_asahi);2020/04/02
fake;[NO TITLE ERROR](https://twitter.com/pmoindia/status/1245918482861936640);2020/04/03
fake;[Barcelona quiere evitar el colapso funerario de Madrid](https://www.lavanguardia.com/vida/20200402/48267075307/barcelona-quiere-evitar-colapso-funerario-madrid.html);2020/04/03
fake;[NO TITLE ERROR](https://twitter.com/marclobliner/status/1246551864621109248);2020/04/04
fake;[Coronavirus – gob.mx](http://www.coronavirus.gob.mx);2020/04/05
fake;[403 Forbidden](https://inq.news/queenmessage);2020/04/06
fake;[Attestation de déplacement dérogatoire](https://media.interieur.gouv.fr/deplacement-covid-19/index.html);2020/04/06
fake;[[Fake News Alert] News That No Person Apart From Govt Is Allowed To Share Or Post COVID-19 Updates Is False](https://www.livelaw.in/top-stories/fake-news-alert-news-that-no-person-apart-from-govt-is-allowed-to-share-or-post-covid-19-updates-is-false-154767);2020/04/06
partiallyfalse;[NO TITLE ERROR](https://twitter.com/fantasma_956/status/1247188570856665090?s=19);2020/04/06
fake;[NO TITLE ERROR](https://twitter.com/augustodefranco/status/1247484403430891521);2020/04/07
fake;[403 Forbidden](https://inq.news/economicgrowth0409);2020/04/09
fake;[Dead man lies on an empty street at China's virus ground zero](http://u.afp.com/3ox7);2020/01/31
partiallyfalse;[Info Coronavirus Covid-19  | Gouvernement.fr](https://www.gouvernement.fr/info-coronavirus);2020/02/26
fake;[NO TITLE ERROR](https://twitter.com/sarahelago/status/1234026169311215616);2020/03/01
fake;[Ministerio de Sanidad, Consumo y Bienestar Social - Profesionales - Situación actual Coronavirus](https://www.mscbs.gob.es/profesionales/saludpublica/ccayes/alertasactual/ncov-china/situacionactual.htm);2020/03/06
fake;[NO TITLE ERROR](https://www.mscbs.gob.es/profesionales/saludpublica/ccayes/alertasactual/ncov-china/documentos/actualizacion_39_covid-19.pdf);2020/03/09
fake;[Prima di continuare su YouTube](https://www.youtube.com/watch?v=pkyx-fyfbgo);2020/03/18
partiallyfalse;[NO TITLE ERROR](https://twitter.com/norbertelekes/status/1240268161578151936);2020/03/18
fake;[Prima di continuare su YouTube](https://bit.ly/33zr22o);2020/03/21
partiallyfalse;[NO TITLE ERROR](https://twitter.com/laprovence/status/1241318809325187072);2020/03/22
fake;[Tucker Carlson Tonight | March 23, 2020 - Dan Patrick, Lieutenant Governor](https://bit.ly/2ugdxhg);2020/03/24
fake;[NO TITLE ERROR](https://twitter.com/khadijasid751/status/1242143695157288962);2020/03/24
fake;[Coronavirus Outbreak in India - covid19india.org](https://www.covid19india.org/faqs);2020/03/25
fake;[Coronavirus Australia: New COVID-19 tests producing results in 15 minutes from a drop of blood set to arrive | 7NEWS.com.au](https://7news.link/2uzgg8r);2020/03/26
partiallyfalse;[FRENTE al CORONAVIRUS las TELECOM están DE TU LADO | Instituto Federal de Telecomunicaciones - IFT](http://www.ift.org.mx/comunicacion-y-medios/frente-al-coronavirus-las-telecom-estan-de-tu-lado);2020/03/26
partiallyfalse;[Coronavirus disease (COVID-19): Tobacco](http://bit.ly/33jfvo0);2020/03/26
fake;[NO TITLE ERROR](http://anses.gob.ar);2020/03/27
fake;[COVID-19: El Gobierno implementará el Ingreso Familiar de Emergencia (IFE) para aliviar la situación de los trabajadores más afectados por la emergencia | Argentina.gob.ar](https://bit.ly/medidasife);2020/03/27
fake;[Home - Johns Hopkins Coronavirus Resource Center](https://coronavirus.jhu.edu);2020/03/28
fake;[WHO | World Health Organization](http://www.who.int);2020/03/30
fake;[Ministère de la Santé](http://www.sante.gov.dz);2020/03/30
fake;[TIMEOUT ERROR](http://covid19.sante.gov.dz);2020/03/30
fake;[](https://pib.gov.in/pressreleasepage.aspx?prid=1609360#);2020/03/30
fake;[NO TITLE ERROR](https://twitter.com/hustlerme_/status/1244945774179483649);2020/03/31
fake;[CONNECTION ERROR](http://www.irs.gov/coronavirus);2020/04/11
fake;"[South African Gov: ""[Watch Live] @HealthZA Minister @DrZweliMkhize receives medical supplies from China to combat #COVID19SA""](https://www.pscp.tv/w/cwrludflzgpute5sthlxuw98mux5eejouxzyvlb4tosd9szqivafftw3bmvc0vnbthatblk17vxhirnycwkc?t=45m18s)";2020/04/14
partiallyfalse;[NO TITLE ERROR](https://twitter.com/who/status/1268212303092162561?s=20);2020/06/03
fake;[Labor del Centro Nacional de Epidemiología del ISCIII en investigación y manejo de la pandemia](https://bit.ly/2bf6is2);2020/06/28
fake;[NO TITLE ERROR](https://twitter.com/who/status/1227248333871173632?s=20);2020/02/11
fake;[NO TITLE ERROR](https://go.usa.gov/xddka);2020/02/28
fake;[NO TITLE ERROR](https://twitter.com/niosh/status/1233465410017730560);2020/02/28
fake;[NO TITLE ERROR](https://twitter.com/jennavehvi/status/1238515371063357440);2020/03/15
fake;[NO TITLE ERROR](https://twitter.com/telediariomty/status/1239971370278121473);2020/03/17
fake;[NO TITLE ERROR](https://twitter.com/mazii1000/status/1240228325085216770/video/1);2020/03/18
partiallyfalse;[NO TITLE ERROR](https://twitter.com/realdonaldtrump/status/1240243188708839424);2020/03/18
partiallyfalse;[Government response updates: Trump says FEMA now coordinating, touts possible drug treatments - ABC News](https://abcn.ws/3bd3bo2);2020/03/19
partiallyfalse;[NO TITLE ERROR](https://twitter.com/alhadath/status/1240963799198224385);2020/03/20
fake;[NO TITLE ERROR](https://twitter.com/aadiiroy/status/1240956739484299265);2020/03/20
partiallyfalse;[NO TITLE ERROR](https://twitter.com/shermansmarch2/status/1241116449571082240);2020/03/21
fake;[NO TITLE ERROR](https://twitter.com/antoniouriz/status/1241187178434174977/video/1);2020/03/21
partiallyfalse;[Prima di continuare su YouTube](http://www.youtube.com/watch?v=9lohh2xjsrw);2020/03/22
fake;[NO TITLE ERROR](https://twitter.com/i/broadcasts/1vagrblarpqgl);2020/03/22
fake;[Bitly | Page Not Found | 404](http://bit.ly/2ucsrt);2020/03/23
fake;[Blog non trovato](https://bonos-gobierno.blogspot.com/?share-viral-2);2020/03/24
partiallyfalse;[NO TITLE ERROR](https://evers.wi.gov/documents/covid19/emo12-saferathome.pdf);2020/03/24
fake;[Coronavirus Outbreak in India - covid19india.org](http://www.covid19india.org);2020/03/25
partiallyfalse;[NO TITLE ERROR](https://twitter.com/dbongino/status/1242796075465007104);2020/03/25
fake;[TikTok](https://www.tiktok.com/@unicefindia/video/6806253351269879041);2020/03/26
fake;[What to Do If You Are Sick  | CDC](https://www.cdc.gov/coronavirus/2019-ncov/if-you-are-sick/steps-when-sick.html);2020/03/28
partiallyfalse;[Prima di continuare su YouTube](https://youtu.be/orzgeaodp6c);2020/06/05
fake;[NO TITLE ERROR](https://twitter.com/i/broadcasts/1ldxlywpvdokm);2020/07/14
fake;[I Will Vote](http://iwillvote.com);2020/03/03
fake;[Trump's national security adviser says China 'covered up' coronavirus | TheHill](https://thehill.com/homenews/administration/487011-trumps-national-security-adviser-says-china-covered-up-coronavirus?amp=&from=groupmessage);2020/03/12
fake;[403 Forbidden](http://healthalerts.stanford.edu);2020/03/13
fake;[Advice for the public](https://www.who.int/emergencies/diseases/novel-coronavirus-2019/advice-for-public);2020/03/13
fake;[NO TITLE ERROR](https://twitter.com/marca/status/1238970069591392256);2020/03/15
fake;[NO TITLE ERROR](https://twitter.com/talksport/status/1239135739696340994);2020/03/15
fake;[NCDC Coronavirus COVID-19 Microsite](http://covid19.ncdc.gov.ng);2020/03/15
fake;[NO TITLE ERROR](https://twitter.com/catherinegaste/status/1239351254637297665);2020/03/16
fake;[NO TITLE ERROR](https://twitter.com/enacomargentina/status/1239668697079431169);2020/03/17
fake;[NO TITLE ERROR](https://twitter.com/dharmarajrajesh/status/1240248727538819073);2020/03/18
fake;[Hydroxychloroquine and azithromycin as a treatment of COVID-19.pdf - Google Drive](https://drive.google.com/file/d/186bel9rqfsmex55fdum4xy_ilwshngbj/view?usp=sharing);2020/03/18
fake;[Site Unavailable](https://www.covidtrial.io/);2020/03/18
fake;[NO TITLE ERROR](https://twitter.com/dave_kellerman/status/1240453979131252736);2020/03/19
fake;[NO TITLE ERROR](https://twitter.com/kimjongunique/status/1240636195371208706);2020/03/20
fake;[NO TITLE ERROR](https://twitter.com/narendramodi/status/1240678191116595202);2020/03/20
partiallyfalse;[NO TITLE ERROR](https://twitter.com/radiozet_news/status/1240760994269446144);2020/03/20
fake;[NO TITLE ERROR](https://twitter.com/biancoresearch/status/1240833664801538049);2020/03/21
fake;[TIMEOUT ERROR](http://yomequedoencasa.pe);2020/03/22
fake;[CONNECTION ERROR](http://yomequedoencasa.midis.gob.pe);2020/03/22
fake;[NO TITLE ERROR](https://twitter.com/embacubachina/status/1225073952730558465);2020/02/06
fake;[Interferón alfa 2B: El medicamento cubano usado en China contra el coronavirus › Mundo › Granma - Órgano oficial del PCC](http://www.granma.cu/mundo/2020-02-07/interferon-alfa-2b-el-medicamento-cubano-usado-en-china-contra-el-coronavirus-06-02-2020-10-02-56);2020/02/07
fake;[Coronavirus – gob.mx](http://bit.ly/31envmx);2020/03/04
partiallyfalse;[La Cina approva l'uso di tocilizumab contro le complicanze del coronavirus](https://www.aboutpharma.com/blog/2020/03/04/la-cina-approva-luso-di-tocilizumab-contro-le-complicanze-del-coronavirus/);2020/03/06
fake;[NO TITLE ERROR](https://twitter.com/umbriajournal_/status/1237392224331022337);2020/03/10
fake;[NO TITLE ERROR](https://twitter.com/spokespersonchn/status/1237756103049371648);2020/03/12
fake;[NO TITLE ERROR](https://www.globalresearch.ca/covid-19-further-evidence-virus-originated-us/5706078);2020/03/13
fake;[NO TITLE ERROR](https://twitter.com/irenemontero/status/1238436348165599232);2020/03/13
fake;[NO TITLE ERROR](https://twitter.com/moh_kenya/status/1239202278004985859);2020/03/15
fake;[NO TITLE ERROR](https://twitter.com/minsaludcol/status/1239191667003011072);2020/03/15
partiallyfalse;[Corona-Krise: Aktuelle Informationen zum Bezug unserer Leistungen - Bundesagentur für Arbeit](https://www.arbeitsagentur.de/corona-virus-aktuelle-informationen);2020/03/16
fake;[Blog non trovato](http://bit.ly/who-recharge);2020/03/17
partiallyfalse;[Australian Government Department of Health](http://health.gov.au);2020/03/17
fake;[Coronavirus en Colombia y el mundo - Noticias Caracol](https://buff.ly/2qjgcj0);2020/03/17
partiallyfalse;[NO TITLE ERROR](https://twitter.com/abiyahmedali/status/1247814586830671873);2020/04/08
partiallyfalse;[WHO | Non-pharmaceutical public health measures for mitigating the risk and impact of epidemic and pandemic influenza](https://www.who.int/influenza/publications/public_health_measures/publication/en/);2020/06/06
fake;[NO TITLE ERROR](https://twitter.com/hhsgov/status/1262802706646827008);2020/06/28
fake;[NO TITLE ERROR](https://twitter.com/surgeon_general/status/1260534993744470017?s=21);2020/07/13
fake;[Sponsor a Child in Need | Children International | Kids Charity Organization  | Child Sponsorship in Africa, India, South America, & USA](http://children.org);2020/08/20
fake;[Hoax Alert: Viral 'Emergency Notification' On Coronavirus Is Fake](https://www.boomlive.in/health/hoax-alert-viral-emergency-notification-on-coronavirus-is-fake-6682);2020/01/30
fake;[White House threatens to veto House bill to aid Puerto Rico earthquake recovery | TheHill](https://thehill.com/homenews/administration/481697-white-house-threatens-to-veto-house-bill-to-aid-puerto-rico);2020/02/05
fake;[Pentagon officials stunned by White House decision to block Ukraine aid, new emails show - CNNPolitics](https://www.cnn.com/2020/02/05/politics/emails-pentagon-alarm-ukraine-aid/index.html);2020/02/06
fake;[Senegal reports first COVID-19 case | WHO | Regional Office for Africa](https://bit.ly/38jvm22);2020/03/02
fake;[NO TITLE ERROR](https://twitter.com/tnfamosos/status/1235305874329161730);2020/03/04
partiallyfalse;[PLA medics are not testing... - People's Daily, China | Facebook](http://bit.ly/2pnvqkm);2020/03/05
fake;"[Cyril Ramaphosa: ""#CoronaVirusSA""](https://www.pscp.tv/w/cs_ohdf4a1feqkxttlbsanp8mu95skfza25fzfdkyvsdy6f1y1d9ohntlpnuw-imj58n3udacrbks-xd9dln)";2020/03/05
fake;[NO TITLE ERROR](https://twitter.com/unicef/status/1236052592825896960);2020/03/07
fake;[How the Trump administration squandered time and lost control of the coronavirus crisis - The Washington Post](https://www.washingtonpost.com/politics/trump-coronavirus-response-squandered-time/2020/03/07/5c47d3d0-5fcb-11ea-9055-5fa12981bbbf_story.html);2020/03/07
fake;[TIMEOUT ERROR](https://bit.ly/2trn2gv);2020/03/09
fake;[NO TITLE ERROR](https://twitter.com/emergenciaavila/status/1237270755529961473?s=19);2020/03/10
fake;[NO TITLE ERROR](https://twitter.com/237online/status/1236951127502938112);2020/03/10
fake;[Comunicado de la Universidad Pablo de Olavide ante la información falsa que circula on line sobre el cierre de la  institución – DUPO – Diario de la Universidad Pablo de Olavide](https://www.upo.es/diario/institucional/2020/03/comunicado-de-la-universidad-pablo-de-olavide-ante-la-informacion-falsa-que-circula-on-line-sobre-el-cierre-de-la-institucion/);2020/03/10
fake;[NO TITLE ERROR](https://twitter.com/gobjccm/status/1237063142330511360);2020/03/10
fake;[Prima di continuare su YouTube](https://m.youtube.com/watch?v=do-gm1obw3s);2020/03/10
fake;[Daniel Radcliffe Coronavirus Fake News, He Does Not Have COVID-19 ](https://www.buzzfeednews.com/article/janelytvynenko/daniel-radcliffe-does-not-have-coronavirus);2020/03/10
fake;[Assessore Gallera: Velocità contagio da Coronavirus impressionante, è una corsa contro il tempo](https://www.fanpage.it/attualita/coronavirus-assessore-gallera-velocita-del-contagio-impressionante-e-una-corsa-contro-il-tempo/);2020/03/10
fake;[7 simple steps to protect yourself and others from COVID-19 | by World Health Organization | World Health Organization | Medium](http://bit.ly/337yabc);2020/03/11
fake;[Cadena SER desmiente la noticia de casos de coronavirus en Cuenca | Radio 90 Motilla  | Cadena SER](https://buff.ly/2w4bzx2);2020/03/11
fake;[Coronavirus disease (COVID-19): What parents should know | UNICEF Kenya](https://www.unicef.org/kenya/stories/novel-coronavirus-outbreak-what-parents-should-know);2020/03/12
fake;[Irekia Eusko Jaurlaritza - Gobierno Vasco :: Agenda](http://ow.ly/xp0x30qpexi);2020/03/12
fake;[Resegone Online - notizie da Lecco e provincia » In soccorso della Lombardia anche medici venezuelani ](http://www.resegoneonline.it/articoli/in-soccorso-della-lombardia-anche-medici-venezuelani-20200314/#.xm1bhp1ejtk.twitter);2020/03/14
fake;[En el cepo, así castigó la guardia indígena Zenú a infractores de la cuarentena - LARAZON.CO](https://bit.ly/2xbqxiw);2020/04/02
fake;[Latest breaking news headlines | 7NEWS.com.au](http://7news.com.au);2020/04/29
fake;[NO TITLE ERROR](https://twitter.com/fiteray/status/1220301032015556608/video/1);2020/01/23
fake;[Diputado De Grazia reportó posible caso del coronavirus en Venezuela - AlbertoNews - Periodismo sin censura](https://albertonews.com/nacionales/ultima-hora-reportan-primer-caso-del-coronavirus-en/);2020/01/23
fake;[Chinese researcher escorted from infectious disease lab amid RCMP investigation | CBC News](https://www.cbc.ca/news/canada/manitoba/chinese-researcher-escorted-from-infectious-disease-lab-amid-rcmp-investigation-1.5211567);2020/01/25
partiallyfalse;[NO TITLE ERROR](https://twitter.com/oliverswilde/status/1221083419972636673);2020/01/25
fake;[404 Not Found](https://www.infowars.com/bill-and-melinda-gates-foundation-others-predicted-up-to-65-million-deaths-via-coronavirus-in-simulation-ran-3-months-ago/);2020/01/27
fake;[NO TITLE ERROR](http://bit.ly/2u0ii9k);2020/01/27
fake;[NO TITLE ERROR](https://twitter.com/hmetromy/status/1222074763859771392);2020/01/28
fake;[NO TITLE ERROR](https://twitter.com/globaltimesnews/status/1222468594253979649);2020/01/29
fake;[یافته جدید درباره کرونا: کودکان مبتلا نمی‌شوند | سایت انتخاب ](http://entekhab.ir/002d2h);2020/01/30
fake;[NO TITLE ERROR](https://twitter.com/amirsariaslan/status/1222907407770226690);2020/01/30
fake;[auspice](https://nextstrain.org/groups/blab/sars-like-cov);2020/01/31
fake;[NO TITLE ERROR](https://twitter.com/biorxivpreprint/status/1223245639296978951);2020/01/31
fake;[Prima di continuare su YouTube](https://youtu.be/gs-xdtsjcbo);2020/02/03
partiallyfalse;[There's no page here | Taiwan News](https://www.taiwannews.com.tw/en/news/3871594);2020/02/05
fake;['Tidal wave of voter suppression' washes over states, lawyer says](https://www.nbcnews.com/news/nbcblk/presidential-voting-season-tidal-wave-voter-suppression-washing-over-multiple-n1128041);2020/02/05
fake;[Brooklyn park to be renamed after trans activist Marsha P. Johnson](https://www.nbcnews.com/feature/nbc-out/brooklyn-park-be-renamed-after-trans-activist-marsha-p-johnson-n1128441);2020/02/06
fake;[NO TITLE ERROR](https://twitter.com/voxdotcom/status/1224902988629708802);2020/02/06
fake;[Cheating death: China's Wuhan coronavirus survivors recall ordeal - Cheating death: China's Wuhan coronavirus survivors recall ordeal](https://ab-tc.com/china-seek-for-courts-approval-to-kill-the-over-20000-coronavirus-patients-to-avoid-further-spread-of-the-virus/);2020/02/06
fake;[NO TITLE ERROR](https://twitter.com/mdfujita/status/1226102497607081984);2020/02/08
fake;[中国「新型肺炎、飛沫・接触のほかエアロゾル通じた感染可能」 | Joongang Ilbo | 中央日報](https://s.japanese.joins.com/jarticle/262351);2020/02/09
partiallyfalse;[Coronavirus (COVID-19): guidance and support - GOV.UK](https://www.gov.uk/coronavirus);2020/03/02
fake;"[Who: ""LIVE daily media briefing on #COVID19 with @DrTedros #coronavirus""](https://www.pscp.tv/w/csvnuti2mtaymhwxcm14uefwtndnaktotlvlqg6st4vzrnhc7-z2looiokjuwhqfdw55klrqxqc=)";2020/03/02
fake;[NO TITLE ERROR](https://twitter.com/cdcgov/status/1233490807182651392);2020/03/02
partiallyfalse;[Access Restricted](https://www.khon2.com/coronavirus/hotels-for-heroes-safe-stay-for-essential-personnel/);2020/04/05
fake;[Instituto de Salud Pública de Chile](http://www.ispch.cl/noticia/29927);2020/04/08
fake;[ Fondation Panzi](http://fondationpanzirdc.org);2020/06/18
fake;[Panzi Hospital and Foundations](http://panzifoundation.org);2020/06/18
fake;[Hopital de Panzi - Docteur Mukwege](http://hopitaldepanzi.org);2020/06/18
fake;[Home - Dr. Denis Mukwege Foundation](http://mukwegefoundation.org);2020/06/18
fake;[Prima di continuare su YouTube](https://youtu.be/i8retuy73ho);2020/06/28
fake;[NO TITLE ERROR](https://www.cell.com/trends/pharmacological-sciences/pdf/s0165-6147(20)30130-9.pdf?_returnurl=https%3a%2f%2flinkinghub.elsevier.com%2fretrieve%2fpii%2fs0165614720301309%3fshowall%3dtrue);2020/07/01
partiallyfalse;[NO TITLE ERROR](https://twitter.com/beholdisrael/status/1227570288071716864/video/1);2020/02/13
fake;[NO TITLE ERROR](https://twitter.com/kevcirilli/status/1240084307965882371);2020/03/18
partiallyfalse;[Oscar Launches First Testing Center Locator for COVID-19](https://www.prnewswire.com/news-releases/oscar-launches-first-testing-center-locator-for-covid-19-301023288.html);2020/03/14
partiallyfalse;[NO TITLE ERROR](https://twitter.com/laborseller/status/1262509741676298242);2020/05/19
partiallyfalse;[NO TITLE ERROR](https://twitter.com/cucumbertonic/status/1245339561544343553/video/1);2020/04/01
fake;[NO TITLE ERROR](https://twitter.com/gopleader/status/1234924508500447234);2020/03/03
partiallyfalse;[NO TITLE ERROR](https://twitter.com/tmnarayan/status/1243491290391740418);2020/03/27
partiallyfalse;[NO TITLE ERROR](https://twitter.com/robertklemko/status/1249716012599083010);2020/04/14
partiallyfalse;[Border agents seize bag of tiny dead birds | Daily Mail Online](https://trib.al/uec1tov);2020/02/11
fake;[NO TITLE ERROR](https://twitter.com/janellaparis_/status/1222031114971181056/photo/1);2020/01/28
partiallyfalse;[This is HUGE! Our Take on Microsoft's Filing of Patent #060606](https://www.bitchute.com/video/wzupvreyukzq/);2020/04/18
partiallyfalse;[NO TITLE ERROR](https://twitter.com/covid_19news/status/1229773695046037505);2020/02/18
fake;[Statement about nCoV and our pandemic exercise](https://bit.ly/2tsdsp5);2020/01/25
fake;[Bay Area orders 'shelter in place,' only essential businesses open in 6 counties](https://www.sfchronicle.com/local-politics/article/bay-area-must-shelter-in-place-only-15135014.php);2020/03/16
partiallyfalse;[Photos of China coronavirus particles under the microscope | Daily Mail Online](https://trib.al/bjka3tq);2020/01/27
partiallyfalse;[Wuhan, China's coronavirus epicentre, has SARS and Ebola lab | Daily Mail Online](https://mol.im/a/7922379);2020/01/25