Long,Lat,Text,Count
-122.1238767,47.6694141,"Redmond, King County, Washington, United States",2
-73.9495823,40.6501038,"Brooklyn, Kings County, New York, United States",15
-90.0701156,29.9499323,"New Orleans, Orleans Parish, Louisiana, United States",6
-88.9524151,39.8454163,"Decatur, Macon County, Illinois, United States",1
-86.12147145723684,39.9545158,"1, Echo Crest, Carmel, Hamilton County, Indiana, United States",1
25.5908333,-33.8022222,"Motherwell, Nelson Mandela Bay Ward 58, Motherwell, Nelson Mandela Bay Metropolitan Municipality, Eastern Cape, South Africa",1
-74.378222,39.570903,"Mirror Lake Drive, Fairwinds, Little Egg Harbor Township, Ocean County, New Jersey, 08087, United States",1
-116.36936983394352,33.74079965,"Palm Desert, Riverside County, California, United States",1
-95.3676974,29.7589382,"Houston, Harris County, Texas, United States",10
-74.37077809517382,40.81237245,"Way of Pope Pius IV, East Hanover, Morris County, New Jersey, 07936, United States",2
-0.0144629,51.5110713,"Poplar, London Borough of Tower Hamlets, London, Greater London, England, E14 0HH, United Kingdom",2
3.8972497,7.3777462,"Ibadan, Ibadan South West, Oyo, 234102, Nigeria",3
33.9301963,-13.2687204,Malawi,2
144.6780052,-36.5986096,"Victoria, Australia",2
-77.0365427,38.8950368,"Washington, District of Columbia, United States",17
-85.1551411,37.5726028,"Kentucky, United States",3
-94.1018461,30.0860459,"Beaumont, Jefferson County, Texas, United States",1
-92.2895948,34.7464809,"Little Rock, Pulaski County, Arkansas, United States",3
-4.2488787,55.8609825,"Glasgow, Glasgow City, Scotland, G2 9SN, United Kingdom",4
-78.4927721,37.1232245,"Virginia, United States",3
-78.7435517,42.7670376,"Orchard Park, Erie County, New York, 14127, United States",1
127.1058,37.5145,"송파구, 서울, 대한민국",1
-82.2542834,34.7370639,"Simpsonville, Greenville County, South Carolina, United States",1
-83.29398114814815,42.575186,"Bloomfield Township, Oakland County, Michigan, United States",2
-117.5664449,33.8752945,"Corona, Riverside County, California, United States",1
-2.991665,53.407154,"Liverpool, North West England, England, United Kingdom",1
2.1774322,41.3828939,"Barcelona, Barcelonès, Barcelona, Catalunya, 08001, España",1
76.2674136,9.931308,"Kochi, Ernakulam district, Kerala, 682005, India",1
-118.242766,34.0536909,"Los Angeles, Los Angeles County, California, United States",36
51.5264162,25.2856329,"الدوحة, قطر",1
-96.41979,46.652182,"Barnesville, Clay County, Minnesota, 56514, United States",1
-82.6976631,38.5173028,"Russell, Greenup County, Kentucky, United States",1
77.34932051968858,31.81676015,"Himachal Pradesh, India",1
71.7452633,22.3850008,"Gujarat, NH51, Ranpur, Ranpur Taluka, Botad District, Gujarat, 384212, India",1
-96.80077329849314,32.831563,"Highland Park, Dallas County, Texas, 75205, United States",1
-83.5378173,41.6529143,"Toledo, Lucas County, Ohio, United States",1
24.991639,-28.8166236,South Africa,7
-97.3375448,37.6922361,"Wichita, Sedgwick County, Kansas, United States",3
-121.988571,37.5482697,"Fremont, Alameda County, California, United States",1
-2.0813004,52.5998276,"Wednesfield, Wolverhampton, West Midlands Combined Authority, West Midlands, England, WV11 1XU, United Kingdom",1
-3.9360012,56.1181242,"Stirling, Scotland, FK8 2DD, United Kingdom",1
-0.117287,51.5013012,"Lambeth, London Borough of Lambeth, London, Greater London, England, SE1 7GD, United Kingdom",7
9.1905,45.4668,"Milano, Lombardia, Italia",3
-99.5120986,31.8160381,"Texas, United States",9
-83.0407403,39.9797863,"Grandview Heights, Franklin County, Ohio, United States",1
0.1061105,38.8408382,"Dénia, la Marina Alta, Alacant / Alicante, Comunitat Valenciana, España",1
-93.7595281,41.5645337,"West Des Moines, Polk County, Iowa, United States",1
-79.05578,35.9131542,"Chapel Hill, Orange County, North Carolina, United States",1
26.685278,-27.874167,"Odendaalsrus, Matjhabeng Local Municipality, Lejweleputswa District Municipality, Free State, South Africa",1
-96.6925096,33.0136764,"Plano, Collin County, Texas, 75074, United States",1
114.14873730393252,22.2748365,"中西區 Central and Western District, 香港島 Hong Kong Island, 香港 Hong Kong, 中国",3
-94.5781416,39.100105,"Kansas City, Jackson County, Missouri, United States",3
120.9809674,14.5907332,"Manila, First District, Metro Manila, Luzon",1
-3.7035825,40.4167047,"Madrid, Área metropolitana de Madrid y Corredor del Henares, Comunidad de Madrid, 28001, España",3
-121.6550372,36.6744117,"Salinas, Monterey County, California, United States",1
76.9896254,29.6803266,"Karnal, Haryana, 132001, India",1
114.1134699,22.3716605,"荃灣 Tsuen Wan, 荃灣區 Tsuen Wan District, 新界 New Territories, 香港 Hong Kong, 中国",2
138.5999312,-34.9281805,"Adelaide, Adelaide City Council, South Australia, Australia",2
-1.404189,50.9025349,"Southampton, South East England, England, United Kingdom",4
-111.9260184,33.4942189,"Scottsdale, Maricopa County, Arizona, United States",1
-80.1433786,26.1223084,"Fort Lauderdale, Broward County, Florida, United States",2
-89.2903392,31.3271189,"Hattiesburg, Forrest County, Mississippi, United States",1
78.6677428,22.3511148,India,3
-123.1912406,49.1977086,"V, Canadian Service Road, Sea Island, Richmond, British Columbia, V7B 1Y7, Canada",3
28.180278,-25.836389,"Centurion, City of Tshwane Metropolitan Municipality, Gauteng, 0014, South Africa",4
98.62466248050262,3.51929155,"Medan Tuntungan, Kota Medan, Sumatera Utara, Indonesia",1
-119.70886126075588,36.7295295,"Fresno, Fresno County, California, United States",3
-81.3885899,28.6619154,"Altamonte Springs, Seminole County, Florida, United States",1
6.083862,50.776351,"Aachen, Städteregion Aachen, Nordrhein-Westfalen, Deutschland",1
13.3888599,52.5170365,"Berlin, 10117, Deutschland",1
72.0,31.0,"پنجاب, پاکستان",3
72.8773928,19.0759899,"Mumbai, Mumbai Suburban, Maharashtra, India",13
-74.0581744671382,4.6726615,"D C , Carrera 19B, UPZ Chicó Lago, Localidad Chapinero, Bogotá, Bogotá Distrito Capital, Región Andina, 11001, Colombia",3
0.5928194,51.1404328,"Frittenden, Tunbridge Wells, Kent, South East England, England, TN17 2DN, United Kingdom",1
1.2100682,52.6592947,"Costessey, South Norfolk, Norfolk, East of England, England, NR8, United Kingdom",1
-83.0007065,39.9622601,"Columbus, Franklin County, Ohio, United States",5
-81.4639835,27.7567667,"Florida, United States",16
-92.5833939,40.1948848,"Kirksville, Adair County, Missouri, 63501, United States",1
-0.2057437,5.5600141,"Accra Metropolitan, Greater Accra Region, Ghana",9
0.0288941,52.6423352,"Murrow, Fenland, Cambridgeshire, East of England, England, PE13 4HB, United Kingdom",1
31.045686,-17.831773,"Harare, Harare Province, 04-263, Zimbabwe",1
-118.4912273,34.0194704,"Santa Monica, Los Angeles County, California, United States",3
137.5758835898874,-33.0502707,"Whyalla, The Corporation of the City of Whyalla, South Australia, 5600, Australia",1
-92.5617875,38.7604815,"Missouri, United States",3
-0.9111593,51.7013543,"Chinnor, South Oxfordshire, Oxfordshire, South East England, England, OX39 4PZ, United Kingdom",1
7.4143061,6.5536094,"Enugu, Nigeria",1
1.1526345,52.0579495,"Ipswich, Suffolk, East of England, England, United Kingdom",1
17.3231107,-23.2335499,Namibia,1
-87.6244212,41.8755616,"Chicago, Cook County, Illinois, United States",14
-119.6456844,36.3274502,"Hanford, Kings County, California, 93230, United States",1
-115.1188894,36.1299779,"Winchester, Clark County, Nevada, United States",1
7.0188527,4.7676576,"Port-Harcourt, Rivers, Nigeria",2
-116.8537227,39.5158825,"Nevada, United States",1
-106.464634,31.7754152,"El Paso, El Paso County, Texas, United States",2
101.7094012,2.8008619,"Sepang, Selangor, Malaysia",1
38.6521203,10.2116702,"ኢትዮጵያ / Ethiopia, ኢትዮጵያ",2
-82.23621545220522,27.9484265,"Valrico, Hillsborough County, Florida, 33601, United States",1
-97.10562379033699,32.701938999999996,"Arlington, Tarrant County, Texas, United States",1
69.0,25.5,"سندھ, پاکستان",2
-73.7976337,40.7498243,"Queens, Queens County, New York, United States",7
-39.8482555,-18.7156342,"São Mateus, Espírito Santo, Região Sudeste, 29930-360, Brasil",1
-3.1633228,54.6017785,"Portinscale, Allerdale, Cumbria, North West England, England, CA12 5RJ, United Kingdom",1
54.5643516,32.6475314,ایران,1
-74.0776417,40.7281575,"Jersey City, Hudson County, New Jersey, United States",1
-79.3839347,43.6534817,"Toronto, Golden Horseshoe, Ontario, Canada",15
-81.1269982,29.4749927,"Flagler Beach, Flagler County, Florida, United States",1
121.5636796,25.0375198,"臺北市, 臺灣",5
-75.01636886281992,40.763173,"Brass Castle, Warren County, New Jersey, United States",1
-9.517401092833236,52.14533445,"County Kerry, Munster, Éire / Ireland",2
80.25133809992252,13.072309650000001,"Egmore - Nungambakkam Taluk Office, Mayor Ramanathan Road (Spur Tank Road), Chetpet, Ward 61, Zone 5 Royapuram, Chennai, Chennai District, Tamil Nadu, 600 006, India",2
-122.6851301,45.522469,"Cassidy's, 1331, Southwest Washington Street, Downtown, Portland, Metro, Multnomah County, Oregon, 97205, United States",1
74.3141829,31.5656822,"لاہور, پنجاب, 531, پاکستان",1
-74.2907042,41.0053753,"Pompton Lakes, Passaic County, New Jersey, United States",1
101.6756275,2.8680243,"Dengkil, Sepang, Selangor, 43800, Malaysia",1
21.01044629540788,52.24347075,"Teatr Wielki, Niecała, Za Żelazną Bramą, Śródmieście Północne, Śródmieście, Warszawa, województwo mazowieckie, 00-094, Polska",1
76.5120396,10.3528744,"Kerala, India",1
-81.0309432,31.9488268,"Skidaway Island, Chatham County, Georgia, 31411, United States",1
-76.1135926,43.1757259,"NY 31, Town of Cicero, Onondaga County, New York, 13039, United States",1
84.9143193,26.6476203,"Motihari, Purba Champaran, Bihar, India",1
-89.7348497,32.9715645,"Mississippi, United States",1
101.833333,3.083333,"Hulu Langat, Selangor, Malaysia",1
114.23359377341592,22.2730777,"東區 Eastern District, 香港島 Hong Kong Island, 香港 Hong Kong, 中国",2
-73.9598939,40.7896239,"Manhattan, New York County, New York, United States",23
27.8876177,-13.0214171,"Copperbelt Province, Zambia",1
36.7768966,-1.2573753,"Kabete, Westlands Red Hill Road, Lavington, Nairobi, P  O  BOX 66831, Kenya",1
-78.6390989,35.7803977,"Raleigh, Wake County, North Carolina, United States",5
-77.3947693,18.1850507,Jamaica,4
-74.0060152,40.7127281,"New York, United States",5
77.2090057,28.6138954,"New Delhi, Delhi, India",19
80.7137847,7.5554942,ශ්‍රී ලංකාව இலங்கை,2
112.87832224656043,31.15172525,"湖北省, 中国",2
-122.3300624,47.6038321,"Seattle, King County, Washington, United States",4
-62.721923,17.3172287,"V, Edgar Bridgewater Street, Lower New Road, New Road, Saint George Basseterre, Saint Kitts, 00265, Saint Kitts and Nevis",1
13.0464806,47.7981346,"Salzburg, 5020, Österreich",2
-89.0389956,42.3472406,"Machesney Park, Winnebago County, Illinois, 61115, United States",1
-3.3204149,51.5644042,"Church Village, Rhondda Cynon Taf, Cymru / Wales, CF38 1RE, United Kingdom",1
-118.1444779,34.1476452,"Pasadena, Los Angeles County, California, United States",2
-111.763275,34.395342,"Arizona, United States",7
91.753943,26.1805978,"Guwahati, Assam, Kamrup Metropolitan, 781015, India",3
-77.7278831,40.9699889,"Pennsylvania, United States",7
116.3912757,39.906217,"北京市, 100051, 中国",4
58.3829448,23.5882019,"مسقط, عمان",1
77.76822875372174,29.000652549999998,"Meerut, Uttar Pradesh, India",1
-115.148516,36.1672559,"Las Vegas, Clark County, Nevada, United States",8
36.826061224105075,-1.3031689499999999,"Nairobi, Kenya",13
-76.4779117,42.4840418,"Lansing, Lansing Town, Tompkins County, New York, United States",1
-77.45342297783296,38.95226625,"Washington Dulles International Airport, Loudoun County, Virginia, United States",1
3.3941795,6.4550575,"Lagos, Lagos Island, Lagos, 100242, Nigeria",13
-94.1146804,41.9449834,"Berkley, Boone County, Iowa, United States",1
147.2869493,-31.8759835,"New South Wales, Australia",1
-82.6881395,40.2253569,"Ohio, United States",4
90.4126466,23.810651,"ঢাকা, Chanpara Bazar, ঢাকা জেলা, ঢাকা বিভাগ, 1230, বাংলাদেশ",2
-115.1734142,36.1150858,"Paradise, Clark County, Nevada, United States",3
103.8520359,1.2904753,"Singapore, Central, 178957, Singapore",1
-118.689423,34.035591,"Malibu, Los Angeles County, California, 90265-4797, United States",1
100.4930399,13.7544238,"กรุงเทพมหานคร, แขวงพระบรมมหาราชวัง, เขตพระนคร, กรุงเทพมหานคร, 10200, ประเทศไทย",1
104.0289955,1.1075273,"Sukajadi, Batam, Kepulauan Riau, 29462, Indonesia",1
-117.8259819,33.6856969,"Irvine, Orange County, California, United States",2
-1.0815361,53.9590555,"York, Yorkshire and the Humber, England, YO1 8SG, United Kingdom",2
-81.6287423,28.1067315,"Haines City, Polk County, Florida, United States",1
-112.0741417,33.4484367,"Phoenix, Maricopa County, Arizona, United States",3
-117.1627728,32.7174202,"San Diego, San Diego County, California, United States",5
121.4692071,31.2322758,"上海市, 黄浦区, 上海市, 200001, 中国",1
-122.6741949,45.5202471,"Portland, Metro, Multnomah County, Oregon, United States",5
-8.6821998,41.1806814,"Matosinhos, Porto, Área Metropolitana do Porto, Norte, Portugal",1
100.58538623707426,13.7332845,"แขวงคลองตันเหนือ, เขตวัฒนา, กรุงเทพมหานคร, 10110, ประเทศไทย",1
-1.1973365,53.1447678,"Mansfield, Nottinghamshire, East Midlands, England, United Kingdom",1
-3.1791934,51.4816546,"Cardiff, Cymru / Wales, CF, United Kingdom",4
-1.8604874,53.7229229,"Halifax, Calderdale, West Yorkshire, Yorkshire and the Humber, England, HX1 1TH, United Kingdom",1
-74.6532133,40.2273316,"Hamilton Square, Hamilton Township, Mercer County, New Jersey, 08690, United States",1
114.1628131,22.2793278,"香港島 Hong Kong Island, 香港 Hong Kong, 中国",1
39.2803583,-6.8160837,"Dar es Salaam, Coastal Zone, Tanzania",2
73.0651511,33.6938118,"اسلام آباد, وفاقی دارالحکومت اسلام آباد, 44000, پاکستان",2
-100.4458825,39.7837304,United States,3
153.0234991,-27.4689682,"Brisbane City, Queensland, Australia",4
87.879403,25.7279064,"Sudhani, Lihar, Dubi Subhi, Barsoi, Katihar, Bihar, India",3
-82.0223137,26.4489695,"Sanibel, Lee County, Florida, United States",1
78.4740613,17.360589,"Hyderabad, Bahadurpura mandal, Hyderabad, Telangana, India",4
-113.995267,46.8701049,"Missoula, Missoula County, Montana, United States",1
3.3532040740949824,6.6048591000000005,"Ikeja, Lagos, Nigeria",13
-123.1139529,49.2608724,"Vancouver, District of North Vancouver, British Columbia, Canada",5
-99.8940182,16.8680495,"Acapulco, Acapulco de Juárez, Guerrero, 39300, México",1
-1.2077985,52.7723859,"Loughborough, Charnwood, Leicestershire, East Midlands, England, LE11 5BJ, United Kingdom",1
-91.1453948,38.7535106,"Warren County, Missouri, United States",2
-122.419906,37.7790262,"San Francisco, San Francisco City and County, San Francisco, California, United States",7
-98.4951405,29.4246002,"San Antonio, Bexar County, Texas, United States",7
101.55,3.21,"Sungai Buloh, Shah Alam, Petaling, Selangor, 40160, Malaysia",2
-121.493895,38.5810606,"Sacramento, Sacramento County, California, United States",1
-158.12518450022145,21.571313,"Waialua, Honolulu County, Hawaii, United States",1
77.67662686841793,11.369204400000001,"Erode, Erode District, Tamil Nadu, India",1
103.98904056749512,1.3603914499999998,"Xi, T1 Departure Crescent, Changi, Southeast, 819642, Singapore",1
-83.1137366,32.3293809,"Georgia, United States",5
-118.200981,33.9463456,"South Gate, Los Angeles County, California, United States",1
170.22886435616437,-45.640444200000005,"Dunedin City, Otago, New Zealand / Aotearoa",1
4.6688487,8.8367891,"Kwara, Nigeria",1
-3.9459248,51.6195955,"Swansea, Cymru / Wales, SA1 3BN, United Kingdom",1
-121.890583,37.3361905,"San Jose, Santa Clara County, California, United States",1
119.4124282,-5.1342962,"Makassar, Sulawesi Selatan, Indonesia",2
77.5340719,23.8143419,"Madhya Pradesh, India",1
7.8533226,10.3825318,"Kaduna, Nigeria",2
0.3065856,52.4570345,"Littleport, East Cambridgeshire, Cambridgeshire, East of England, England, CB6 1PL, United Kingdom",1
78.4707309,28.90662,"Amroha, Jyotiba Phule Nagar, Uttar Pradesh, 244221, India",1
139.8396996,34.9743154,"宮城, 館山市, 千葉県, 294-0033, 日本",1
76.0,29.0,"Haryana, India",1
-84.2809332,30.4380832,"Tallahassee, Leon County, Florida, United States",3
-96.8961151,32.9265137,"Farmers Branch, Dallas County, Texas, 75234, United States",2
-77.12423413116392,38.9819845,"Bethesda, Montgomery County, Maryland, United States",1
-86.2820081,35.7730076,"Tennessee, United States",3
-0.12433969968085111,51.4742479,"Stockwell Bus Garage, Binfield Road, Stockwell Park, Stockwell, London Borough of Lambeth, London, Greater London, England, SW4 6ST, United Kingdom",1
-2.160243,53.407901,"Stockport, Greater Manchester, North West England, England, United Kingdom",2
-80.19362,25.7741728,"Miami, Miami-Dade County, Florida, United States",4
-74.0237512,40.7795455,"Union City, Hudson County, New Jersey, 07087, United States",1
73.7684549,26.8105777,"Rajasthan, India",2
151.2164539,-33.8548157,"Sydney, New South Wales, Australia",10
5.22274,7.6232482,"Ado-Ekiti, Ekiti, Nigeria",1
-118.755997,36.7014631,"California, United States",4
139.790859,35.71745,"台東区, 東京都, 日本",1
27.6971358,53.4250605,Беларусь,1
-114.065465,51.0460954,"Calgary, Alberta, Canada",3
135.529697,34.712703,"都島区, 大阪市, 大阪府, 日本",2
126.9827989,37.5806949,"종로구, 서울, 노원구, 대한민국",1
149.7955552,-35.4388907,"Braidwood, Queanbeyan-Palerang Regional Council, New South Wales, 2622, Australia",1
-97.2684063,34.9550817,"Oklahoma, United States",1
9.47905,55.4894999,"Kolding, Kolding Kommune, Region Syddanmark, 6000, Danmark",1
-96.6154471,33.1976496,"McKinney, Collin County, Texas, United States",1
-95.7580048,29.7388418,"Cinco Ranch, Fort Bend County, Texas, United States",1
-0.0672892,51.5976955,"Tottenham, London Borough of Haringey, London, Greater London, England, N17 9TR, United Kingdom",2
104.999927,35.000074,中国,2
-90.0516285,35.1490215,"Memphis, Shelby County, Tennessee, United States",1
-85.805386,30.1765914,"Panama City Beach, Bay County, Florida, United States",1
-77.0027671,41.2493292,"Williamsport, Lycoming County, Pennsylvania, 17701, United States",1
-1.5024159231529952,55.1111723,"South Shore, Crofton, Newsham, Blyth, Northumberland, North East England, England, United Kingdom",1
-0.0925416,51.4745706,"Camberwell, London Borough of Southwark, London, Greater London, England, SE5 7BU, United Kingdom",4
-118.6228656,34.4888822,"Castaic, Los Angeles County, California, 91384, United States",1
38.4313975,1.4419683,Kenya,1
101.70661936873648,2.74475915,"Lapangan Terbang Antarabangsa Kuala Lumpur, Jalan Pekeliling KLIA, Sepang, Selangor, 64000, Malaysia",2
80.9346001,26.8381,"Lucknow, Sadar, Lucknow, Uttar Pradesh, 226019, India",4
-96.7968559,32.7762719,"Dallas, Dallas County, Texas, United States",5
-84.1457505,33.8062166,"Stone Mountain, DeKalb County, Georgia, 30087, United States",1
-2.8824103,53.0784893,"Holt, Wrexham, Cymru / Wales, LL13 9YN, United Kingdom",1
-118.111975,34.0159398,"Montebello, Los Angeles County, California, United States",1
-90.0348139,34.9553719,"Horn Lake, DeSoto County, Mississippi, 38637, United States",1
-117.911732,33.8347516,"Anaheim, Orange County, California, United States",2
-1.1484577,52.0297607,"Brackley, Northamptonshire, East Midlands, England, NN13 6FY, United Kingdom",1
-80.8430827,35.2272086,"Charlotte, Mecklenburg County, North Carolina, United States",4
-86.8295337,33.2588817,"Alabama, United States",4
6.9359135,43.5439153,"Mandelieu-la-Napoule, Grasse, Alpes-Maritimes, Provence-Alpes-Côte d'Azur, France métropolitaine, 06210, France",1
32.5813539,0.3177137,"Kampala Capital City, Kampala, Central Region, Uganda",5
144.9631608,-37.8142176,"Melbourne, City of Melbourne, Victoria, Australia",11
-98.0,18.833333,"Puebla, México",1
-122.85900211842105,38.6298355,"Healdsburg, Sonoma County, California, United States",1
121.04140172358802,14.6476275,"Philippine Children's Medical Center, Quezon Avenue, San Jose, North Triangle, Quezon City, 1st District, Second District, Metro Manila, 1100, Luzon",1
-8.4705942,51.898627,"Cork, County Cork, Munster, Éire / Ireland",3
-2.8796957,53.1563974,"Eccleston, Cheshire West and Chester, North West England, England, CH4 9HZ, United Kingdom",1
-90.7989525,30.0096684,"St  James Parish, Louisiana, United States",1
12.5326186,55.678016,"Frederiksberg, Frederiksberg Kommune, Region Hovedstaden, 1861, Danmark",1
-95.504686,30.1734194,"The Woodlands, Montgomery County, Texas, United States",1
-80.4759905,25.4718946,"Homestead, Miami-Dade County, Florida, United States",2
-75.9774183,36.8529841,"Virginia Beach, Virginia, United States",2
-122.1779927,37.4519671,"Menlo Park, San Mateo County, California, United States",1
-76.1474244,43.0481221,"Syracuse, Onondaga County, New York, United States",2
-82.4254028,34.3870565,"Keowee, Abbeville County, South Carolina, 29656, United States",1
-78.7812081,35.7882893,"Cary, Wake County, North Carolina, United States",1
120.98709199999999,14.5759356,"National Institutes of Health, Pedro Gil, Barangay 669, Barangay 696, Malate, Fifth District, Manila, First District, Metro Manila, 1004, Luzon",2
98.9774012,18.7751766,"ถนน หายยา ๘, Prime Horizon, เชียงใหม่, อำเภอสารภี, จังหวัดเชียงใหม่, 50100, ประเทศไทย",1
-0.0493621,51.5432402,"Hackney, London, Greater London, England, E9 6QW, United Kingdom",3
-0.101957,51.3713049,"Croydon, London, Greater London, England, CR0 1SZ, United Kingdom",1
-74.38291765089366,39.5675875,"Mystic Island, Little Egg Harbor Township, Ocean County, New Jersey, United States",1
-115.0317274769184,36.237497000000005,"Nellis Air Force Base, Grissom Avenue, Clark County, Nevada, 89115, United States",1
29.9441382,31.1861094,"V, طريق القاهرة, الاسكندرية الزراعى, عزبة نادي الصيد, الإسكندرية, محافظة الإسكندرية, 21633, مصر",1
-0.1395604,51.5423045,"Camden Town, London, Greater London, England, NW1 9PJ, United Kingdom",3
7.633333,11.166667,"Samaru, Sabon Gari, Kaduna, Nigeria",1
-118.2005236,34.1998302,"La Cañada Flintridge, Los Angeles County, California, United States",1
-117.903317,33.6633386,"Costa Mesa, Orange County, California, United States",2
-9.0490632,53.2744122,"Cathair na Gaillimhe, County Galway, Connacht, Éire / Ireland",4
7.4892974,9.0643305,"Abuja, Municipal Area Council, Federal Capital Territory, 900001, Nigeria",5
79.1322648,18.4346438,"Karimnagar, Karimnagar mandal, Karimnagar, Telangana, 505001, India",1
3.4172646,6.4296012,"Victoria Island, Apese, Eti Osa, Lagos, 71510, Nigeria",3
-74.2348684,40.7323235,"Irvington, Essex County, New Jersey, 07111, United States",1
-1.7519186,53.7944229,"Bradford, West Yorkshire, Yorkshire and the Humber, England, United Kingdom",2
-14.0460201,28.3256078,"Tuineje, Las Palmas, Canarias, España",1
-71.35344253593192,42.458818550000004,"Concord Free Public Library, 129, Main Street, Concord, Middlesex County, Massachusetts, 01742, United States",1
28.049722,-26.205,"Johannesburg, City of Johannesburg Metropolitan Municipality, Gauteng, 2001, South Africa",5
28.1879444,-25.7459374,"Pretoria, City of Tshwane Metropolitan Municipality, Gauteng, 0126, South Africa",4
-2.2451148,53.4794892,"Manchester, Greater Manchester, North West England, England, United Kingdom",11
-122.2713563,37.8044557,"Oakland, Alameda County, California, United States",6
47.7149096,29.3200496,"ثانوية سعد العبدالله للبنين, شارع 24, قطعة 8, سعد العبد الله, الجهراء, 91100, الكويت",1
151.7795348,-32.9192953,"Newcastle, Newcastle City Council, New South Wales, 2300, Australia",1
101.5990192,3.1346333,"Damansara, Lebuhraya Sprint, PJU3, Petaling Jaya, Petaling, Selangor, 47410, Malaysia",1
-71.4677032,42.7656251,"Nashua, Hillsborough County, New Hampshire, United States",3
121.0491569,14.8110432,"San Jose del Monte, Bulacan, Central Luzon, 3023, Luzon",1
139.6367066,35.4453685,"関内, 尾上町通り, 尾上町三丁目, 中区, 横浜市, 神奈川県, 231-0017, 日本",1
-80.2769765,25.7148148,"University, Ponce de Leon Boulevard, Coral Gables, Miami-Dade County, Florida, 33124-6310, United States",1
101.6935944,3.1665629,"Ampang and Sri Petaling lines, Laluan Pingir Sungai, Chow Kit, Kuala Lumpur, 50350, Malaysia",1
-83.2784851,30.8327022,"Valdosta, Lowndes County, Georgia, United States",1
122.9955469,40.9975197,"辽宁省, 中国",1
-122.7141049,38.4404925,"Santa Rosa, Sonoma County, California, United States",1
-87.72754639679336,42.03316325,"Main & Crawford Auto Repair, 8359, Crawford Avenue, Skokie, Niles Township, Cook County, Illinois, 60076, United States",1
-97.4014129,27.7477253,"Corpus Christi, Nueces County, Texas, United States",1
-97.1416768,32.5631924,"Mansfield, Tarrant County, Texas, 76063, United States",1
-80.21260146013265,25.791670500000002,"Jackson Memorial Hospital, 1611, Northwest 12th Avenue, Miami, Miami-Dade County, Florida, 33136, United States",1
6.147949875776305,46.192006750000004,"Hôpitaux universitaires de Genève, 4, Rue Gabrielle-Perret-Gentil, Plainpalais, Genève, Grand Genève, Genève, 1205, Schweiz/Suisse/Svizzera/Svizra",1
-83.9210261,35.9603948,"Knoxville, Knox County, Tennessee, United States",2
-71.0536625,42.40843,"Everett, Middlesex County, Massachusetts, United States",1
-77.20869110987762,38.80225849999999,"North Springfield, Fairfax County, Virginia, United States",1
-95.3010624,32.3512601,"Tyler, Smith County, Texas, United States",1
121.1675675,14.2143059,"Calamba, Laguna, Calabarzon, Luzon",1
12.4829321,41.8933203,"Roma, Roma Capitale, Lazio, Italia",2
-68.3073246,-54.8069332,"Ushuaia, Municipio de Ushuaia, Departamento Ushuaia, Tierra del Fuego, Argentina",1
-84.3143675,33.4362245,"Lovejoy, Clayton County, Georgia, United States",1
-87.991754,39.2993863,"Casey, Clark County, Illinois, United States",1
-175.2026424,-19.9160819,Tonga,1
3.876618198264655,51.687435300000004,"Schouwen-Duiveland, Zeeland, Nederland",1
-116.559631,43.5737361,"Nampa, Canyon County, Idaho, United States",1
-82.973435,42.392935,"Chandler Park, Detroit, Wayne County, Michigan, 48213, United States",1
66.2385139,33.7680065,افغانستان,1
-3.2885172,51.7613231,"Rhymney, Caerphilly, Cymru / Wales, NP22, United Kingdom",1
-43.2093727,-22.9110137,"Rio de Janeiro, Região Geográfica Imediata do Rio de Janeiro, Região Metropolitana do Rio de Janeiro, Região Geográfica Intermediária do Rio de Janeiro, Rio de Janeiro, Região Sudeste, Brasil",4
5.249007957671885,52.086531750000006,"Zeist, Utrecht, Nederland",1
-82.2256886,36.3723294,"Biltmore, Carter County, Tennessee, 37643, United States",1
-0.0022381,53.3675163,"Louth, East Lindsey, Lincolnshire, East Midlands, England, LN11 0QL, United Kingdom",1
125.37823858699517,6.61093365,"Davao Region, Luzon",1
80.270186,13.0836939,"Chennai, Chennai District, Tamil Nadu, India",2
7.957541614633177,4.6360066,"Eket, Akwa Ibom, Nigeria",1
-0.9934914404975159,51.451019099999996,"South East, England, United Kingdom",1
-121.413546,39.0168,"1, Anderson, Wheatland, Yuba County, California, 95692, United States",1
-79.0392919,35.6729639,"North Carolina, United States",4
-0.3051952,51.5126553,"Ealing, London, Greater London, England, W5 5DG, United Kingdom",2
100.92588136949392,12.9181511,"My Home, หนองปรือ, จังหวัดชลบุรี, ประเทศไทย",1
-1.5437941,53.7974185,"Leeds, West Yorkshire, Yorkshire and the Humber, England, United Kingdom",2
79.40557093743058,28.457876,"Bareilly, Uttar Pradesh, India",1
-75.690308,45.421106,"Ottawa, (Old) Ottawa, Ottawa, Eastern Ontario, Ontario, K1P 1J1, Canada",3
6.8604088,4.8416028,"Rivers, Nigeria",1
-122.5962874,47.1703692,"Steilacoom, Pierce County, Washington, 98388, United States",1
-1.4321848,54.9987414,"South Shields, South Tyneside, Tyne and Wear, North East England, England, NE33 1NF, United Kingdom",1
-114.7135493,49.6503379,"British Columbia commercial weigh scale, Crowsnest Highway, Sparwood, Regional District of East Kootenay, British Columbia, Canada",1
-80.4136767,37.2296566,"Blacksburg, Montgomery County, Virginia, United States",1
-98.230082,26.2043691,"McAllen, Hidalgo County, Texas, United States",1
-73.6103642,45.4972159,"Montréal, Agglomération de Montréal, Montréal (06), Québec, Canada",1
-104.61731,50.44876,"Regina, Saskatchewan, Canada",1
-0.0035472,51.541289,"Stratford, Station Street, Stratford Marsh, London Borough of Newham, London, Greater London, England, E15 1AZ, United Kingdom",1
80.859666,27.1303344,"Uttar Pradesh, India",1
-5.7155824,54.7548363,"Whitehead, County Antrim, Northern Ireland, BT38 9RU, United Kingdom",1
-82.51339612827047,28.059017599999997,"Carrollwood, Egypt Lake-Leto, Hillsborough County, Florida, United States",1
0.0148142,51.4028046,"Bromley, London, Greater London, England, BR1 1EY, United Kingdom",1
29.3894444,-23.8494444,"Seshego, Polokwane Ward 17, Polokwane, Polokwane Local Municipality, Capricorn District Municipality, Limpopo, 0742, South Africa",1
144.5844903,-22.1646782,"Queensland, Australia",1
-79.7919754,36.0726355,"Greensboro, Guilford County, North Carolina, United States",2
-87.3328139,41.4828144,"Merrillville, Lake County, Indiana, United States",1
-97.3327459,32.753177,"Fort Worth, Tarrant County, Texas, United States",5
-1.1252158,51.5982316,"Wallingford, South Oxfordshire, Oxfordshire, South East England, England, OX10 0AS, United Kingdom",1
67.0207055,24.8546842,"کراچی, سندھ, پاکستان",4
-89.6884637,44.4308975,"Wisconsin, United States",3
-1.510477,52.4081812,"Coventry, West Midlands Combined Authority, West Midlands, England, United Kingdom",2
-0.19244203566212292,51.50002095,"Warner Music UK, 27, Wrights Lane, Earl's Court, Royal Borough of Kensington and Chelsea, London, Greater London, England, W8 5RY, United Kingdom",1
85.8252538,19.8076083,"Puri, Puri (M), Puri, Odisha, 752001, India",2
31.125645307658072,2.94799145,"Arua, Northern Region, Uganda",1
-6.7703622,54.5039088,"Dungannon, County Tyrone, Northern Ireland, BT71 7AA, United Kingdom",1
-73.6406845,40.7492678,"Mineola, North Hempstead, Nassau County, New York, 11501, United States",1
-45.96583,-23.30528,"Jacareí, Região Imediata de São José dos Campos, Região Metropolitana do Vale do Paraíba e Litoral Norte, Região Geográfica Intermediária de São José dos Campos, São Paulo, Região Sudeste, Brasil",1
149.1012676,-35.2975906,"Canberra, District of Canberra Central, Australian Capital Territory, 2601, Australia",3
127.7297641,37.8810569,"춘천시, 강원도, 24352, 대한민국",1
-105.993007,34.5708167,"New Mexico, United States",3
-73.6196627,45.5358949,"IATSE - Local 56, 1, Rue de Castelnau Est, Villeray, Villeray–Saint-Michel–Parc-Extension, Montréal, Agglomération de Montréal, Montréal (06), Québec, H2R1P1, Canada",1
-2.8445218693550665,53.413340000000005,"Huyton with Roby Primary School, Cassino Road, Bakers Green, Huyton, Knowsley, North West England, England, L36 7UX, United Kingdom",1
28.789145,-31.589075,"Mthatha, King Sabata Dalindyebo Local Municipality, O R  Tambo District Municipality, Eastern Cape, 5100, South Africa",1
-82.3249846,29.6519684,"Gainesville, Alachua County, Florida, United States",1
-3.3100475,51.042145,"Wiveliscombe, Somerset West and Taunton, Somerset, South West England, England, TA4 2PD, United Kingdom",1
4.5480484,8.4963657,"Ilorin, Ilorin East, Kwara, 240212, Nigeria",1
-1.9026911,52.4796992,"Birmingham, West Midlands Combined Authority, West Midlands, England, United Kingdom",4
-84.442163,33.7849591,"The Gate, Johnson Road, Rockdale, Simsville, Atlanta, Fulton County, Georgia, 30318, United States",7
28.0479844,-26.0682406,"Sandton, Johannesburg Ward 103, Sandton, City of Johannesburg Metropolitan Municipality, Gauteng, 1617, South Africa",3
-111.9738429,41.2230048,"Ogden, Weber County, Utah, United States",1
-123.0950506,44.0505054,"Eugene, Lane County, Oregon, United States",2
-93.7460804,45.3324647,"Big Lake, Sherburne County, Minnesota, United States",1
-73.08415019957152,40.868527,"Centereach, Suffolk County, New York, 11720, United States",1
-8.6107884,41.1494512,"Porto, Área Metropolitana do Porto, Norte, Portugal",1
2.3514616,48.8566969,"Paris, Île-de-France, France métropolitaine, France",3
73.3287853,4.7064352,ދިވެހިރާއްޖެ,3
101.7945134,2.5228943,"Port Dickson, Negeri Sembilan, 71000, Malaysia",1
-118.2798597,34.0921957,"Rough Trade Gear, 3915, West Sunset Boulevard, East Hollywood, Los Angeles, Los Angeles County, California, 90029, United States",1
-0.1775422,51.5170856,"London Paddington, Praed Street, Paddington, City of Westminster, London, Greater London, England, W2 1HQ, United Kingdom",1
105.8544441,21.0294498,"Hà Nội, Việt Nam",1
-117.8891164,34.0877926,"Covina, Los Angeles County, California, United States",2
-118.0000166,33.6783336,"Huntington Beach, Orange County, California, United States",1
139.7036319,35.6937632,"新宿区, 東京都, 日本",1
-83.1287349,40.5886259,"Marion, Marion County, Ohio, 43302, United States",1
-122.6706498,45.4206749,"Lake Oswego, Metro, Clackamas County, Oregon, United States",1
-91.18738,30.4459596,"Baton Rouge, East Baton Rouge Parish, Louisiana, United States",2
-7.3029907,54.5992486,"Omagh, County Tyrone, Northern Ireland, BT78 1LD, United Kingdom",1
-80.9923682905133,35.06246985,"Gate, Stockbridge Drive, York County, South Carolina, 29708, United States",1
139.7241054,35.8078228,"川口市, 埼玉県, 日本",1
28.1425,-26.1763889,"Bedfordview, Ekurhuleni Ward 20, City of Ekurhuleni Metropolitan Municipality, Gauteng, 2008, South Africa",1
-80.011878,40.6958342,"Mars, Butler County, Pennsylvania, United States",1
-121.8746789,37.6624312,"Pleasanton, Alameda County, California, United States",1
-2.7160441,51.8098882,"Monmouth, Monmouthshire, Cymru / Wales, NP25, United Kingdom",1
-38.5217989,-3.7304512,"Fortaleza, Microrregião de Fortaleza, Região Geográfica Intermediária de Fortaleza, Ceará, Região Nordeste, Brasil",1
-0.0999051,51.5384287,"Islington, London, Greater London, England, N1, United Kingdom",2
-86.7743531,36.1622296,"Nashville-Davidson, Davidson County, Tennessee, United States",5
-97.1413417,33.1838787,"Denton County, Texas, United States",1
-80.98456918011235,34.2187005,"Blythewood, Richland County, South Carolina, United States",1
-81.0278546,35.024312,"Tega Cay, York County, South Carolina, United States",1
-76.61481481790992,39.396459050000004,"Towson, Ruxton, Baltimore County, Maryland, United States",1
-88.2810994,42.03726,"Elgin, Kane County, Illinois, United States",1
55.18853865430702,25.074282349999997,"دبي, الإمارات العربية المتحدة",5
-73.8987469,40.9312099,"Yonkers, Westchester County, New York, United States",1
-72.80033880043175,41.5378215,"Meriden, New Haven County, Connecticut, United States",1
-40.2920174,-20.3297037,"Vila Velha, Região Geográfica Imediata de Vitória, Região Metropolitana da Grande Vitória, Região Geográfica Intermediária de Vitória, Espírito Santo, Região Sudeste, Brasil",1
-3.5149461,55.8831932,"Livingston, West Lothian, Scotland, EH54 6HS, United Kingdom",1
135.547722,34.653003,"生野区, 大阪市, 大阪府, 日本",1
-0.77695,51.5718668,"Marlow, Buckinghamshire, South East England, England, SL7 1DA, United Kingdom",1
-88.4334301,42.5916836,"Lake Geneva, Walworth County, Wisconsin, United States",1
138.8512199,37.446996,"長岡市, 新潟県, 日本",1
-75.6324112,41.4198027,"Dunmore, Lackawanna County, Pennsylvania, 18512, United States",1
-74.1194403,40.9796683,"Ridgewood, Bergen County, New Jersey, United States",1
123.9101112482647,10.29828535,"HQS, Naval Reserve Center Eastern Visayas, Cebu City, Central Visayas, Luzon",1
-72.7342163,41.6500201,"Connecticut, United States",1
-111.929658,40.5621704,"South Jordan, Salt Lake County, Utah, United States",1
-73.8857755,40.7556561,"Jackson Heights, Queens, Queens County, New York, 11372, United States",1
-93.3204872,44.8322405,"Bloomington, Hennepin County, Minnesota, United States",1
-118.3692894,34.0923014,"West Hollywood, Los Angeles County, California, United States",1
74.861097,26.5885585,"Kishangarh, Kishangarh Tehsil, Ajmer, Rajasthan, 305802, India",1
78.1573628,26.2037247,"Gwalior, Madhya Pradesh, 474001, India",1
29.4613889,-23.9058333,"Polokwane, Polokwane Local Municipality, Capricorn District Municipality, Limpopo, 0699, South Africa",1
-97.1384584,49.8955367,"Winnipeg, Manitoba, Canada",2
85.1623397,25.6030053,"Rajendra Nagar, Kumhrar Road, Rajendra Nagar, Patna, Patna Rural, Patna, Bihar, 800001, India",1
-111.694943,40.2971825,"Orem, Utah County, Utah, United States",1
-84.6824346,43.6211955,"Michigan, United States",3
-73.88733898472765,40.8813165,"DeWitt Clinton High School, 100, West Mosholu Parkway South, The Bronx, Bronx County, New York, 10468, United States",1
-63.5859487,44.648618,"Halifax, Nova Scotia, Canada",1
-105.607716,38.7251776,"Colorado, United States",1
-88.8637186,39.8333574,"G, South Esther Avenue, Macon County, Illinois, 62521, United States",1
-78.3199496,44.3048009,"Peterborough, Central Ontario, Ontario, Canada",1
4.351697,50.8465573,"Ville de Bruxelles - Stad Brussel, Brussel-Hoofdstad - Bruxelles-Capitale, Région de Bruxelles-Capitale - Brussels Hoofdstedelijk Gewest, België / Belgique / Belgien",2
-97.7436995,30.2711286,"Austin, Travis County, Texas, United States",4
109.93193384532759,-1.2003376000000001,"Kalimantan Barat, Indonesia",1
-82.1811947,28.2336196,"Zephyrhills, Pasco County, Florida, United States",1
-5.9256965,54.5980927,"Apple Store, Victoria Square, Cathedral Quarter, Markets, Belfast, County Antrim, Northern Ireland, BT1 4QG, United Kingdom",1
-112.0338283,40.6305024,"Oquirrh, Salt Lake County, Utah, 84081, United States",1
77.5912997,12.9791198,"Bengaluru, Bangalore North, Bangalore Urban, Karnataka, India",2
81.8406351,21.6637359,"Chhattisgarh, India",2
101.7626851,3.073076,"Cheras, Majlis Perbandaran Kajang, Hulu Langat, Selangor, 43200, Malaysia",1
-76.610759,39.2908816,"Baltimore, Maryland, United States",1
-93.3784618,44.9861176,"Golden Valley, Hennepin County, Minnesota, United States",1
-1.7856853,51.5613683,"Swindon, South West England, England, SN1 1JZ, United Kingdom",1
114.2999353,30.5951051,"武汉市, 一元街道, 江岸区, 湖北省, 中国",1
-73.4362737,45.6834691,"Varennes, Marguerite-D'Youville, Montérégie, Québec, Canada",1
-71.4128343,41.8239891,"Providence, Providence County, Rhode Island, United States",1
47.8184253,29.3195156,"ليالي الشرق, شارع قصي بن كلب, قطعة 4, الدوحة, العاصمة, ٠٠٠٠٠, الكويت",1
-97.1466695,31.549333,"Waco, McLennan County, Texas, United States",1
-71.0037374,42.2509914,"Quincy, Norfolk County, Massachusetts, United States",1
-76.4968019,42.4396039,"Ithaca, Ithaca Town, Tompkins County, New York, United States",1
-83.0101843,40.1983958,"Lewis Center, Orange Township, Delaware County, Ohio, 43035, United States",1
-84.3785379,33.9242688,"Sandy Springs, Fulton County, Georgia, United States",1
-5.5679458,7.9897371,Côte d’Ivoire,1
-109.6897684130629,23.271848050000003,"Los Cabos, Baja California Sur, México",1
-99.5873816,41.7370229,"Nebraska, United States",1
-85.8227413,38.2000701,"Shively, Jefferson County, Kentucky, 40211:40216, United States",1
106.827183,-6.1753942,"Daerah Khusus Ibukota Jakarta, Indonesia",1
-73.8901688,41.2083836,"Croton-on-Hudson, Westchester County, New York, 10520, United States",1
-82.55635740354492,38.393883,"Ceredo, Wayne County, West Virginia, United States",1
50.1202146,26.2966528,"الظهران, Dhahran Compound, المنطقة الشرقية, 34453, السعودية",1
6.7763137,51.2254018,"Düsseldorf, Nordrhein-Westfalen, Deutschland",1
-66.416667,10.25,"Miranda, Venezuela",1
74.0609353177903,18.51051985,"Haveli, Pune District, Maharashtra, India",4
-76.9104388,39.0111753,"G, Lackawanna Street, Hollywood, College Park, Prince George's County, Maryland, 20740, United States",1
-82.3534728,36.3134398,"Johnson City, Washington County, Tennessee, United States",1
-80.1353006,25.7929198,"Miami Beach, Miami-Dade County, Florida, United States",1
-80.5222961,43.4652699,"Waterloo, Region of Waterloo, Southwestern Ontario, Ontario, Canada",2
34.8667654,31.5313113,ישראל,2
-71.0582912,42.3602534,"Boston, Suffolk County, Massachusetts, United States",2
-112.3576005,33.4353672,"Goodyear, Maricopa County, Arizona, United States",1
-88.0016263,41.6737149,"Lemont, Lemont Township, Cook County, Illinois, 60439-4329, United States",1
28.2336325,-26.0964372,"Kempton Park, City of Ekurhuleni Metropolitan Municipality, Gauteng, 1619, South Africa",1
92.7976082,26.6229928,"Tezpur, Sonitpur, 784001, India",3
-76.492786,38.9786401,"Annapolis, Anne Arundel County, Maryland, United States",1
24.5928742,-23.1681782,Botswana,1
3.353258726723983,6.487201450000001,"Surulere, Lagos, 101212, Nigeria",1
-86.0257672,34.0084248,"Alley, Gadsden, Etowah County, Alabama, 35904, United States",1
115.8604796,-31.9527121,"Perth, City of Perth, Western Australia, 6000, Australia",1
-72.3959849,5.3428475,"Denver, Calle 16, Yopal, Casanare, Orinoquia, 850001, Colombia",2
-0.9028072768185829,52.23433665,"Northampton, West Northamptonshire, East Midlands, England, United Kingdom",1
0.1235817,52.2034823,"Cambridge, Cambridgeshire, East of England, England, United Kingdom",1
-115.1215844,36.2005843,"North Las Vegas, Clark County, Nevada, United States",1
-98.9032554,32.7558392,"Breckenridge, Stephens County, Texas, United States",1
-80.0532942,26.715364,"West Palm Beach, Palm Beach County, Florida, United States",1
-76.6936144,39.2474276,"Arbutus, Baltimore County, Maryland, 21227, United States",1
-118.191604,33.7690164,"Long Beach, Los Angeles County, California, United States",3
-71.0119948,42.4084302,"Revere, Suffolk County, Massachusetts, 02151, United States",1
-86.3921096,35.8460396,"Murfreesboro, Rutherford County, Tennessee, United States",1
-0.44833493117949663,51.542519299999995,"London Borough of Hillingdon, London, Greater London, England, United Kingdom",1
146.6366887,-42.035067,"Tasmania, Australia",1
106.985212,-6.2508909,"Bekasi Barat, Jalan Tol Jakarta–Cikampek, Rawa Panjang, Margajaya, Jawa Barat, 17145, Indonesia",1
-98.0987896,29.9976807,"Wimberley, Texas, United States",1
-119.62406510839041,34.436879000000005,"Montecito, Santa Barbara County, California, 93108, United States",1
-81.1308434,8.559559,Panamá,1
35.843409,33.8750629,لبنان,1
139.81279,35.649154,"江東区, 東京都, 日本",1
18.1830814,59.288951,"KGB, Snörom, Nacka, Nacka kommun, Stockholms län, 131 33, Sverige",1
-0.1276474,51.5073219,"London, Greater London, England, United Kingdom",3
4.322502837527406,52.03739335,"Rijswijk, Zuid-Holland, Nederland",1
-111.9741925,41.0751048,"Layton, Davis County, Utah, United States",1
-111.8999353,40.6110589,"Midvale, Salt Lake County, Utah, 84047, United States",1
-2.5972985,51.4538022,"Bristol, City of Bristol, South West England, England, United Kingdom",1
-85.759407,38.2542376,"Louisville, Jefferson County, Kentucky, United States",1
-93.1015026,44.9504037,"St  Paul, Ramsey County, Minnesota, United States",2
-121.7680531,37.6820583,"Livermore, Alameda County, California, 94550, United States",1
-111.6518229,35.1987522,"Flagstaff, Coconino County, Arizona, United States",1
-123.3649533,48.4283182,"Victoria, Capital Regional District, British Columbia, Canada",1
153.4145987,-28.0023731,"Gold Coast City, Queensland, Australia",2
1.29227,52.628606,"Norwich, Norfolk, East of England, England, United Kingdom",1
-4.3899826,55.8011027,"Barrhead, East Renfrewshire, Scotland, G78 1FA, United Kingdom",1
-104.7091322,40.4233142,"Greeley, Weld County, Colorado, United States",1
-73.37509176653637,5.76420625,"Boulder, Cómbita, Centro, Boyacá, Región Andina, Colombia",1
-82.61291642494686,28.06129765,"Westchase, Oldsmar, Pinellas County, Florida, United States",1
13.3738145,54.0949595,"International Office, 10, Domstraße, Innenstadt, Greifswald, Vorpommern-Greifswald, Mecklenburg-Vorpommern, 17489, Deutschland",1
-117.4216067,47.7273694,"Town and Country, Spokane County, Washington, United States",1
-116.49529769785079,33.772179449999996,"Palm Springs, Riverside County, California, United States",1
-78.9018053,35.996653,"Durham, Durham County, North Carolina, United States",1
21.0067249,52.2319581,"Warszawa, województwo mazowieckie, Polska",2
-99.1518637,19.4416128,"Cuauhtémoc, Ciudad de México, México",1
-96.599472,32.7666103,"Mesquite, Dallas County, Texas, 75149, United States",1
-122.2034496,47.4799078,"Renton, King County, Washington, United States",1
-0.2002261,51.65309,"Chipping Barnet, London, Greater London, England, EN5 5SB, United Kingdom",2
-0.17362689496950337,51.357464449999995,"London Borough of Sutton, London, Greater London, England, United Kingdom",1
-72.84571592694678,40.8051175,"Mastic, Suffolk County, New York, 11950, United States",1
-119.2470536,35.7688425,"Delano, Kern County, California, 93215, United States",1
-90.24111656024635,38.6529545,"St  Louis, City of Saint Louis, Madison County, Illinois, United States",1
-80.16826620539965,25.9560225,"Ojus, Presidential Estates, Miami-Dade County, Florida, United States",1
4.487754536970652,52.06228915,"Zoetermeer, Zuid-Holland, Nederland",1
122.9441633,30.1736302,"笋, 舟山市, 浙江省, 中国",1
-149.894852,61.2163129,"Anchorage, Alaska, 99501-2118, United States",2
-126.0473015,49.7807549,"Gold River, Strathcona Regional District, British Columbia, V0P 1G0, Canada",1
-74.6865477,40.2370535,"Mercerville, Hamilton Township, Mercer County, New Jersey, 08619, United States",1
121.1163072,14.5780161,"Cainta, Rizal, Calabarzon, Luzon",1
39.2224523,38.674771,"Elazığ, Elazığ merkez, Elazığ, Doğu Anadolu Bölgesi, 23000, Türkiye",1
-11.8400269,8.6400349,Sierra Leone,1
-121.9746797,37.226611,"Los Gatos, Santa Clara County, California, United States",1
42.3528328,25.6242618,السعودية,1
-93.2654692,44.9772995,"Minneapolis, Hennepin County, Minnesota, United States",1
-78.0000547,24.7736546,The Bahamas,3
77.64429617998744,21.15454115,"Amravati, Maharashtra, India",1
7.1724673,8.8311228,"Federal Capital Territory, Nigeria",2
-95.5377215,29.6185669,"Missouri City, Fort Bend County, Texas, United States",1
-82.6695085,27.7703796,"St  Petersburg, Pinellas County, Florida, United States",2
-74.1723667,40.735657,"Newark, Essex County, New Jersey, United States",1
-87.2169149,30.421309,"Pensacola, Escambia County, Florida, United States",1
4.3668279,50.8331141,"Ixelles - Elsene, Brussel-Hoofdstad - Bruxelles-Capitale, Région de Bruxelles-Capitale - Brussels Hoofdstedelijk Gewest, België / Belgique / Belgien",2
-0.0101331,51.4624325,"Lewisham, London, Greater London, England, SE13 6BB, United Kingdom",1
-76.6506001,40.2854881,"Hershey, Dauphin County, Pennsylvania, United States",1
-122.1560768,37.7249296,"San Leandro, Alameda County, California, United States",1
-121.7445835,38.545379,"Davis, Yolo County, California, United States",1
-117.826166,33.7458511,"Tustin, Orange County, California, United States",1
-1.2952039,50.7003707,"Newport, Isle of Wight, South East England, England, United Kingdom",1
-2.2891921,53.4877463,"Salford, Greater Manchester, North West England, England, United Kingdom",1
-111.8314792,33.4151117,"Mesa, Maricopa County, Arizona, United States",2
-77.22219612966033,45.607185,"North Algona Wilberforce, Renfrew County, Eastern Ontario, Ontario, K0J 1X0, Canada",1
-81.8723084,26.640628,"Fort Myers, Lee County, Florida, United States",1
-98.6884208,29.5635688,"Helotes, Bexar County, Texas, 78023, United States",2
-3.1883749,55.9533456,"City of Edinburgh, Scotland, United Kingdom",4
-1.9701231,52.4160035,"NE, Bristol Road South, Northfield, Birmingham, West Midlands Combined Authority, West Midlands, England, B31 2NP, United Kingdom",2
-6.8184175660976445,53.15436455,"County Kildare, Leinster, Éire / Ireland",1
-8.475544397925685,54.27610875,"Markievicz House, Victoria Road, Cranmore, Sligo North ED, Sligo Municipal Borough District, County Sligo, Connacht, F91 EP49, Éire / Ireland",1
-74.7429463,40.2170575,"Trenton, Mercer County, New Jersey, United States",1
-115.20129908882386,36.0028345,"Enterprise, Clark County, Nevada, United States",1
-74.639048,40.6456575,"Pluckemin, Bedminster Township, Somerset County, New Jersey, 07978, United States",1
72.8081281,21.1864607,"Surat, Katargam Taluka, Surat, Gujarat, 395001, India",1
0.1220898930123415,52.1994445,"Old Addenbrooke's Site (University of Cambridge), Fitzwilliam Street, Newnham, Cambridge, Cambridgeshire, East of England, England, CB2 1QH, United Kingdom",3
14.1219109,40.822643,"Pozzuoli, Napoli, Campania, Italia",1
-90.6713939,40.4588934,"Macomb, McDonough County, Illinois, 61455, United States",1
-123.07622361968933,49.02428425,"Tsawwassen, Delta, British Columbia, Canada",1
179.0122737,-18.1239696,Viti,3
-96.7003324,43.549973,"Sioux Falls, Minnehaha County, South Dakota, United States",2
-72.032366,42.3788774,"Massachusetts, United States",1
-1.3402795,52.0601807,"Banbury, Cherwell, Oxfordshire, South East England, England, OX16 0AA, United Kingdom",1
-8.6301239,52.661252,"Limerick City, The Metropolitan District of Limerick City, County Limerick, Munster, Éire / Ireland",1
-1.1446781163706068,51.3414473,"Tadley, Basingstoke and Deane, Hampshire, South East England, England, United Kingdom",1
-79.6443879,43.5896231,"Mississauga, Peel Region, Golden Horseshoe, Ontario, Canada",1
-81.508732,41.464498,"Beachwood, Cuyahoga County, Ohio, United States",1
-1.0659478,53.5529148,"Edenthorpe, Doncaster, Yorkshire and the Humber, England, DN3 2QZ, United Kingdom",1
120.9359467,14.4287018,"Imus, Cavite, Calabarzon, 4103, Luzon",1
46.7160104,24.638916,"الرياض, المالز, محافظة الرياض, منطقة الرياض, 3285, السعودية",1
-1.1330789,52.6361398,"Leicester, Leicestershire, East Midlands, England, LE1 5YA, United Kingdom",2
-121.4238414,38.4210209,"Laguna, Elk Grove, Sacramento County, California, 94758, United States",1
-75.2176892,38.3226154,"Berlin, Worcester County, Maryland, United States",1
-71.1755732,42.2489143,"Dedham, Norfolk County, Massachusetts, United States",1
-80.23727,26.3100794,"Parkland, Broward County, Florida, 33076, United States",1
-118.39591,33.86428,"Hermosa Beach, Los Angeles County, California, 90254, United States",1
-123.137414,49.163168,"Richmond, British Columbia, Canada",2
-96.9766308,28.8026443,"Victoria County, Texas, United States",1
-77.34188283719988,38.955696,"Reston, Fairfax County, Virginia, United States",1
26.733255,-29.232412,"Botshabelo, Mangaung Metropolitan Municipality, Free State, 9781, South Africa",1
-48.8486726,-26.3044898,"Joinville, Região Geográfica Imediata de Joinville, Região Geográfica Intermediária de Joinville, Santa Catarina, Região Sul, Brasil",1
-77.296049,38.7546812,"South Run, Fairfax County, Virginia, 22039, United States",1
74.8580917,32.7185614,"Jammu, Jammu District, Jammu and Kashmir, 180001, India",2
18.636870177662715,-33.8837334,"Bellville, City of Cape Town, Western Cape, South Africa",1
77.9923191,16.7434538,"Mahbubnagar, Mahabubnagar_Urban mandal, Mahabubnagar, Telangana, 509001, India",1
-6.2192038,54.715139,"Antrim, County Antrim, Northern Ireland, BT41 4AR, United Kingdom",1
-8.4751357,54.2720696,"Sligo, Sligo Municipal Borough District, County Sligo, Connacht, Éire / Ireland",1
-97.5086518,38.0014004,"Halstead, Harvey County, Kansas, United States",1
6.8727506,45.9246705,"Chamonix-Mont-Blanc, Bonneville, Haute-Savoie, Auvergne-Rhône-Alpes, France métropolitaine, 74400, France",1
5.9722713,6.6076575,"Edo, Nigeria",1
120.9722957,14.6513225,"Caloocan, Third District, Metro Manila, Luzon",1
-8.202532292600107,52.173416950000004,"Leitrim, The Municipal District of Fermoy, County Cork, Munster, Éire / Ireland",1
-105.06955610159307,39.584196500000004,"Columbine, Jefferson County, Colorado, 80128, United States",1
172.79278907337255,-43.64624845,"Christchurch City, Canterbury, New Zealand / Aotearoa",1
-0.4825622,51.6041828,"Harefield, London, Greater London, England, UB9 6BD, United Kingdom",1
-94.6113288,45.9896587,"Minnesota, United States",2
-43.1154552,-22.8832371,"Niterói, Região Geográfica Imediata do Rio de Janeiro, Região Metropolitana do Rio de Janeiro, Região Geográfica Intermediária do Rio de Janeiro, Rio de Janeiro, Região Sudeste, Brasil",1
1.2623608080231654,52.56365215,"The Vale, Church Road, Swainsthorpe, South Norfolk, Norfolk, East of England, England, NR14 8PL, United Kingdom",1
12.674297,42.6384261,Italia,1
-1.4166212034412622,53.4054938,"Starbucks, 537, Attercliffe Common, Carbrook, Sheffield, Yorkshire and the Humber, England, S9 2FJ, United Kingdom",1
-80.0331092,40.3959026,"Dormont, Allegheny County, Pennsylvania, United States",1
-5.9302761,54.5964411,"Belfast, County Antrim, Northern Ireland, BT1 5GS, United Kingdom",3
6.746187075917691,12.1241928,"Tudun Wada, Gusau, Zamfara, Nigeria",1
-1.4678170788085592,53.3833855,"The Sheffield Star Newspaper HQ, York Street, City Centre, Sheffield, Yorkshire and the Humber, England, S1 2ER, United Kingdom",1
27.89,-26.2227778,"Soweto, City of Johannesburg Metropolitan Municipality, Gauteng, 1852, South Africa",2
-93.0860209,31.7606732,"Natchitoches, Natchitoches Parish, Louisiana, United States",1
-41.3326895,-21.7558619,"Campos dos Goytacazes, Região Geográfica Imediata de Campos dos Goytacazes, Região Geográfica Intermediária de Campos dos Goytacazes, Rio de Janeiro, Região Sudeste, Brasil",1
-122.8223207,45.4181736,"Bull Mountain, Metro, Washington County, Oregon, 97224, United States",1
75.083333,29.583333,"Sirsa, Haryana, India",1
-1.4894631,50.9196406,"Totton, New Forest, Hampshire, South East England, England, United Kingdom",1
-122.3330573,37.496904,"San Mateo County, California, United States",1
174.7184709414953,-41.25275310000001,"Wellington City, Wellington, New Zealand / Aotearoa",1
5.6511088,9.9326083,"Niger, Nigeria",1
17.076965305806148,-22.565409199999998,"Namibia University of Science and Technology, Storch Street, Windhoek West, Windhoek, Khomas Region, 10005, Namibia",1
31.009909,-29.861825,"Durban, eThekwini Metropolitan Municipality, KwaZulu-Natal, 4057, South Africa",1
-73.8785937,40.8466508,"The Bronx, Bronx County, New York, United States",2
-121.43437985945519,37.718829,"Tracy, San Joaquin County, California, United States",1
8.543610614351664,50.538602100000006,"Rift Valley, Frankfurter Straße, Büblingshausen, Wetzlar, Lahn-Dill-Kreis, Hessen, 35578, Deutschland",1
-95.4588299,29.7057858,"Bellaire, Harris County, Texas, United States",1
-93.210983,44.9153316,"Minnehaha Falls, Minneapolis, Hennepin County, Minnesota, 55417, United States",1
-82.5748194,27.4989278,"Bradenton, Manatee County, Florida, United States",1
5.0567477,7.0209686,"Ondo, Nigeria",1
135.9771171,35.0536252,"山さんラーメン, 片岡栗東線, 焔魔堂町, 守山, 守山市, 滋賀県, 524-8577, 日本",1
-75.4013315,38.6920451,"Delaware, United States",1
73.0535122,33.5914237,"راولپنڈی, راولپنڈی کینٹ, ضلع راولپنڈی, پنجاب, 23451, پاکستان",1
-1.2578499,51.7520131,"Oxford, Oxfordshire, South East England, England, United Kingdom",1
-80.2331036,26.1275862,"Plantation, Broward County, Florida, United States",1
139.688014,35.62125,"目黒区, 東京都, 日本",1
79.33410523359854,9.2379249,"Rameswaram, Ramanathapuram District, Tamil Nadu, India",1
-122.8473388,38.5110803,"Sonoma County, California, United States",1
144.83783877764978,13.519054,"Dededo, Dededo Municipality, Guam, United States",1
13.0591397,52.4009309,"Potsdam, Brandenburg, Deutschland",1
27.8858333,-26.1563889,"Roodepoort, City of Johannesburg Metropolitan Municipality, Gauteng, South Africa",1
-94.1301652,31.7716364,"Shelby County, Texas, United States",1
-73.9923596,40.3042778,"Long Branch, Monmouth County, New Jersey, 07740, United States",1
-83.9527544,10.6327697,"La Gata, Puerto Viejo, Cantón Sarapiquí, Provincia Heredia, 41001, Costa Rica",1
76.8309445,29.9750564,"Thanesar, Kurukshetra, Haryana, 132118, India",1
31.3991317,-26.5624806,eSwatini,2
136.981333,35.0613874,"中京競馬場前, 国道1号, 新栄町七丁目, 豊明市, 愛知県, 458-0829, 日本",1
127.0473,37.5177,"강남구, 서울, 대한민국",1
-3.0656565,53.5563035,"Formby, Sefton, North West England, England, L37 3HU, United Kingdom",1
-114.9826194,36.0301134,"Henderson, Clark County, Nevada, United States",1
-4.1140518,56.7861112,"Scotland, United Kingdom",4
-104.9527588,39.5872103,"Southglenn, Centennial, Arapahoe County, Colorado, 80121, United States",1
-0.5732063,51.2356068,"Guildford, Surrey, South East England, England, United Kingdom",1
-78.9409485,-6.9768275,"San Miguel, Cajamarca, 061104, Perú",1
-93.6046655,41.5910323,"Des Moines, Polk County, Iowa, United States",1
-78.8336218,35.6512655,"Holly Springs, Wake County, North Carolina, 27540, United States",1
110.0013617,-7.802641,"Jenar, Jenar Wetan, Purworejo, Jawa Tengah, Indonesia",1
30.7632105,-29.8637128,"Vukuzakhe Street, eThekwini Ward 12, eThekwini Metropolitan Municipality, KwaZulu-Natal, South Africa",1
-48.325223,-21.252037,"Jaboticabal, Região Imediata de Ribeirão Preto, Região Metropolitana de Ribeirão Preto, Região Geográfica Intermediária de Ribeirão Preto, São Paulo, Região Sudeste, 14875-320, Brasil",1
-80.1278678,33.0354485,"Sangaree, Berkeley County, South Carolina, 29483-7803, United States",1
90.8749807,29.8556443,"西藏自治区, 中国",1
-1.2828415,53.6385763,"Thorpe Audlin, Wakefield, West Yorkshire, Yorkshire and the Humber, England, WF8 3DJ, United Kingdom",1
-96.79844,44.311461,"Brookings, South Dakota, United States",1
-46.6333824,-23.5506507,"São Paulo, Região Imediata de São Paulo, Região Metropolitana de São Paulo, Região Geográfica Intermediária de São Paulo, São Paulo, Região Sudeste, Brasil",3
-73.5963951,45.4857329,"Westmount, Agglomération de Montréal, Montréal (06), Québec, Canada",1
-7.7875821,41.1637043,"Peso da Régua, Vila Real, Douro, Norte, Portugal",1
76.5937658,30.4776857,"Rajpura, Rajpura Tahsil, Patiala, Punjab, 140401, India",1
-0.27590641378489267,51.5639957,"London Borough of Brent, London, Greater London, England, United Kingdom",2
27.975,-26.096111,"Randburg, City of Johannesburg Metropolitan Municipality, Gauteng, 2125, South Africa",2
-93.0428119,44.8479039,"Inver Grove Heights, Dakota County, Minnesota, United States",1
-0.3770964,6.446877,"Eastern Region, Ghana",1
107.6382103,-6.9113032,"Cibeunying, Jalan Jenderal Ahmad Yani, Batas Kelurahan, Kec  Cibeunying Kidul Kel  Sukamaju 40121, Jawa Barat, 40122, Indonesia",1
-80.2943516,41.6214579,"Conneaut Lakeshore, Sadsbury Township, Crawford County, Pennsylvania, 16316, United States",1
-65.8173758,18.0896729,"Candelero Abajo, Humacao, Puerto Rico, 00972, United States",1
28.096944,-25.655556,"Akasia, City of Tshwane Metropolitan Municipality, Gauteng, 0118, South Africa",1
-75.1635262,39.9527237,"Philadelphia, Philadelphia County, Pennsylvania, United States",2
175.38197039426854,-37.9839093,"Waipa District, Waikato, New Zealand / Aotearoa",1
-70.9286609,42.5278731,"Peabody, Essex County, Massachusetts, 01960, United States",1
22.9352716,40.6403167,"Θεσσαλονίκη, Δημοτική Ενότητα Θεσαλονίκης, Δήμος Θεσσαλονίκης, Περιφερειακή Ενότητα Θεσσαλονίκης, Περιφέρεια Κεντρικής Μακεδονίας, Αποκεντρωμένη Διοίκηση Μακεδονίας - Θράκης, 54626, Ελλάς",1
-122.1598465,37.4443293,"Palo Alto, Santa Clara County, California, United States",2
85.8792,20.4686,"Cuttack, Cuttack (M Corp ) P S, Cuttack, Odisha, 753001, India",1
6.5475752,9.6187093,"Minna, Chanchaga, Niger, Nigeria",1
88.3638815,22.5726723,"Kolkata, West Bengal, India",2
-0.06025553630612237,51.5178297,"Royal London Hospital, Whitechapel Road, Whitechapel, London Borough of Tower Hamlets, London, Greater London, England, E1 1BB, United Kingdom",1
10.0287754,10.6228284,"Bauchi, Nigeria",1
-85.1502302,34.9959085,"East Brainerd, Chattanooga, Hamilton County, Tennessee, 30726, United States",1
79.0820556,21.1498134,"Nagpur Urban Taluka, Nagpur District, Maharashtra, India",2
-90.3564329,38.592339,"Webster Groves, Saint Louis County, Missouri, 63119, United States",1
0.8994651,51.8896903,"Colchester, Essex, East of England, England, United Kingdom",1
0.4988686,51.4336909,"Cliffe Woods, Medway, South East England, England, ME3 8JR, United Kingdom",1
-93.3122705,41.9216734,"Iowa, United States",2
-42.8815888,-20.7538586,"Viçosa, Microrregião Viçosa, Região Geográfica Intermediária de Juiz de Fora, Minas Gerais, Região Sudeste, Brasil",1
94.1019156,25.6618755,"Kohima, Kohima Sadar, Kohima, Nagaland, 797001, India",1
-1.5342042,54.9911912,"Wallsend, North Tyneside, Tyne and Wear, North East England, England, NE28 8QS, United Kingdom",1
7.5878261,47.5581077,"Basel, Basel-Stadt, Schweiz/Suisse/Svizzera/Svizra",1
-1.1664716608886017,53.9318994,"Yorkshire and the Humber, England, United Kingdom",1
-99.497352,27.5236998,"Laredo, Webb County, Texas, United States",2
-7.2484948,52.6510216,"Kilkenny, The Municipal District of Kilkenny City, County Kilkenny, Leinster, Éire / Ireland",1
-89.13706958197955,31.706023000000002,"Laurel, Jones County, Mississippi, United States",1
-112.49123,33.34883,"Maricopa County, Arizona, United States",1
-6.9662203,37.1830237,"Punta Umbría, Comarca Metropolitana de Huelva, Huelva, Andalucía, 21100, España",1
-95.3151001,29.6742,"Greater Outreach Missionary Baptist Church, Northdale Street, Houston, Harris County, Texas, 77087, United States",1
7.307005473382556,46.00998095,"Val de Bagnes, Entremont, Valais/Wallis, 1934, Schweiz/Suisse/Svizzera/Svizra",1
-119.0194639,35.3738712,"Bakersfield, Kern County, California, United States",1
-86.05267778244621,39.9162861,"1, Vertland, Indianapolis, Indiana, United States",1
71.247499,30.3308401,پاکستان,1
-84.5124602,39.1014537,"Cincinnati, Hamilton County, Ohio, United States",1
-79.8311582,40.3156253,"Versailles, Allegheny County, Pennsylvania, United States",1
-4.4239646,55.8455828,"Paisley, Renfrewshire, Scotland, PA1 1DG, United Kingdom",1
31.2118063,29.9870753,"الجيزة, شارع المهدى, الجيزة, 12524, مصر",1
-84.6007773,39.0167275,"Erlanger, Kenton County, Kentucky, United States",1
-1.9767685243941964,52.9900566,"Cheadle, Staffordshire Moorlands, Staffordshire, West Midlands, England, United Kingdom",1
-2.0334832,5.3203951,"Central, Western Region, Ghana",2
13.1536214,11.8395375,"Maiduguri, Borno, 600233, Nigeria",2
-95.9383758,41.2587459,"Omaha, Douglas County, Nebraska, United States",1
8.6820917,50.1106444,"Frankfurt am Main, Hessen, Deutschland",1
31.2357257,30.0443879,"القاهرة, محافظة القاهرة, مصر",1
8.8979401,9.9175125,"Jos, Jos North, Plateau, 930214, Nigeria",1
-86.5199492,35.9824598,"Smyrna, Rutherford County, Tennessee, 37167, United States",1
-71.8018877,42.2625621,"Worcester, Worcester County, Massachusetts, United States",1
-103.4947362264744,51.92515665,"Sasman No  336, Saskatchewan, Canada",1
-122.0816297,37.5963232,"Union City, Alameda County, California, 94587, United States",1
-100.540737,47.6201461,"North Dakota, United States",1
103.8194992,1.357107,Singapore,1
0.1693457,52.1252327,"Sawston, South Cambridgeshire, Cambridgeshire, East of England, England, CB22 3BJ, United Kingdom",1
120.589556,15.485997,"Tarlac City, Tarlac, Central Luzon, 2300, Luzon",1
-95.3671759,32.4348674,"Swan, Smith County, Texas, 75606, United States",1
-118.542586,34.3916641,"Santa Clarita, Los Angeles County, California, United States",1
-74.1162152,40.3898188,"Middletown, Orchard Street, Middletown, Middletown Township, Monmouth County, New Jersey, 07748, United States",1
-81.9320157,34.9498007,"Spartanburg, Spartanburg County, South Carolina, United States",2
-66.65336235897576,45.947959350000005,"Fredericton, Saint Marys Parish, New Brunswick / Nouveau-Brunswick, Canada",1
77.083333,17.166667,"Kalaburagi, Kalaburagi district, Karnataka, India",1
-78.56138010188172,42.8849264,"Town Line, Alden, Erie County, New York, United States",1
-84.0795782,9.9325427,"San José, Cantón San José, Provincia San José, 10104, Costa Rica",1
-1.3884119,52.253094,"Southam, Stratford-on-Avon, Warwickshire, West Midlands, England, CV47 0HB, United Kingdom",1
72.9701779,19.1943294,"Thane, Maharashtra, India",1
-35.08354,-8.108706,"Moreno, Região Geográfica Imediata do Recife, Região Metropolitana do Recife, Pernambuco, Região Nordeste, Brasil",1
74.62795673132572,26.4563076,"Dargah-e-Khawaja Garib Nawaz Hazrat Moinuddin Chishti (RAH) - Ajmer Sharif, Ajmer, Rajasthan, NH58, Ajmer, Ajmer Tehsil, Ajmer, Rajasthan, 305001, India",1
110.2349996,-7.4841632,"Jalan Magelang-Kopeng, Panjang, Kota Magelang, Jawa Tengah, 56124, Indonesia",1
8.9,9.833333,"Rayfield, Jos South, Plateau, 930101, Nigeria",1
-118.1171108,34.5793131,"Palmdale, Los Angeles County, California, United States",1
-122.8950075,47.0451022,"Olympia, Thurston County, Washington, United States",1
-74.3148713,40.7959335,"Livingston, Essex County, New Jersey, 07039, United States",1
-74.2734808,40.7312123,"Maplewood, Essex County, New Jersey, 07040, United States",1
121.0531876,14.363668,"San Pedro, Laguna, Calabarzon, 4023, Luzon",2
-122.3557391,47.5164297,"White Center, King County, Washington, United States",1
-114.015407,43.6447642,"Idaho, United States",1
72.5797068,23.0216238,"Ahmedabad, Ahmadabad City Taluka, Ahmedabad District, Gujarat, 380001, India",4
-4.5591148,54.1936805,Isle of Man,1
1.0750949,49.5479845,"Montville, Rouen, Seine-Maritime, Normandie, France métropolitaine, 76710, France",1
-118.1235646,33.942215,"Downey, Los Angeles County, California, United States",1
-113.507996,53.535411,"Edmonton, Edmonton (city), Alberta, Canada",1
-93.7651944,32.5221828,"Shreveport, Caddo Parish, Louisiana, United States",1
-3.2690216,51.4043548,"Barry, Vale of Glamorgan, Cymru / Wales, United Kingdom",1
-81.5370671,41.4739419,"Shaker Heights, Cuyahoga County, Ohio, United States",1
9.6826289,9.0583446,"Plateau, Nigeria",1
-24.0083947,16.0000552,Cabo Verde,1
29.9507184,40.8216536,"Kocaeli, Marmara Bölgesi, Türkiye",1
-0.5940682,51.5111014,"Slough, South East England, England, United Kingdom",2
-76.2466798,36.7183708,"Chesapeake, Virginia, United States",1
139.6362876,35.6994929,"杉並区, 日本",1
24.9427473,60.1674881,"Helsinki, Helsingin seutukunta, Uusimaa, Etelä-Suomen aluehallintovirasto, Manner-Suomi, Suomi / Finland",1
-89.2134359,43.1834579,"Sun Prairie, Dane County, Wisconsin, United States",1
-73.7629097,41.0339862,"White Plains, Westchester County, New York, United States",1
-81.78083305183948,30.122059999999998,"Lakeside, Orange Park, Clay County, Florida, 32065, United States",1
25.4856617,42.6073975,Бългaрия,1
24.7642251,-28.7383012,"Kimberley, Frances Baard District Municipality, Northern Cape, South Africa",1
-80.4628391,37.7497542,"Ronceverte, Greenbrier County, West Virginia, 24970, United States",1
-79.56598810161641,45.1178146,"Muskoka Lakes Township, District Municipality of Muskoka, Muskoka District, Central Ontario, Ontario, Canada",1
-49.0658025,-26.9195567,"Blumenau, Região Geográfica Imediata de Blumenau, Região Geográfica Intermediária de Blumenau, Santa Catarina, Região Sul, Brasil",1
4.383206,50.8431406,"EC, 200, Rue de la Loi - Wetstraat, Quartier européen - Europese Wijk, Bruxelles / Brussel, Ville de Bruxelles - Stad Brussel, Brussel-Hoofdstad - Bruxelles-Capitale, Région de Bruxelles-Capitale - Brussels Hoofdstedelijk Gewest, 1040, België / Belgique / Belgien",1
0.005115324110936268,50.8746139,"Lewes, East Sussex, South East England, England, United Kingdom",1
0.0541253,51.4505687,"Eltham, London, Greater London, England, SE9 5DQ, United Kingdom",1
-2.5943178,53.3899497,"Warrington, North West England, England, WA1, United Kingdom",1
-0.0045417,51.4820845,"Greenwich, London, Greater London, England, SE10 9HF, United Kingdom",1
97.7499316,17.1863135,"ကရင်ပြည်နယ် (Kayin), မြန်မာ",1
101.6929913,3.0679539,"Bandar Baru Sri Petaling, Kuala Lumpur, 57000, Malaysia",1
31.2718321,49.4871968,Україна,1
78.13729027600994,27.87698975,"Aligarh, Uttar Pradesh, India",1
-80.4363743,33.6874388,"South Carolina, United States",1
-2.4300367,53.5782863,"Bolton, Greater Manchester, North West England, England, United Kingdom",1
-111.9391031,40.6096698,"West Jordan, Salt Lake County, Utah, United States",1
-116.9589086,33.7839664,"San Jacinto, Riverside County, California, United States",1
-99.7475905,32.44645,"Abilene, Taylor County, Texas, United States",1
-76.9382069,39.5162234,"Maryland, United States",1
-122.4788361,48.7544012,"Bellingham, Whatcom County, Washington, United States",1
-117.760056,33.9926803,"Chino Hills, San Bernardino County, California, United States",1
-95.2596295,37.3407838,"Parsons, Labette County, Kansas, 67357, United States",1
-74.93389105589023,39.9005585,"Marlton, Evesham Township, Burlington County, New Jersey, United States",1
-86.70533913302022,36.334911500000004,"Goodlettsville, Sumner County, Tennessee, 37072, United States",1
-122.5997078,49.2197345,"Maple Ridge, British Columbia, Canada",1
-43.9450948,-19.9227318,"Belo Horizonte, Microrregião Belo Horizonte, Região Metropolitana de Belo Horizonte, Região Geográfica Intermediária de Belo Horizonte, Minas Gerais, Região Sudeste, Brasil",1
-81.81301045982603,26.7107495,"North Fort Myers, Fort Myers, Lee County, Florida, United States",1
-122.8491439,49.1913033,"Surrey, Metro Vancouver, British Columbia, Canada",1
-77.03655315,38.897699700000004,"White House, 1600, Pennsylvania Avenue Northwest, Washington, District of Columbia, 20500, United States",1
8.5364136,11.8948389,"Kano, Nigeria",2
-97.4649038,35.6571367,"Edmond, Oklahoma County, Oklahoma, United States",1
-84.354273,33.686817,"Rebel Forest Drive Southeast, Thomasville, Atlanta, Fulton County, Georgia, 30315, United States",1
-80.3417924,44.4992906,"Blue Mountains, The Blue Mountains, Grey County, Southwestern Ontario, Ontario, N0H 2E0, Canada",1
128.719637,35.22542,"517, 창원시, 경상남도, 51461, 대한민국",1
-7.1119081,52.2609997,"Waterford, County Waterford, Munster, Éire / Ireland",1
-79.9900861,40.4416941,"Pittsburgh, Allegheny County, Pennsylvania, United States",1
76.9771675,29.3912753,"Panipat, Haryana, 132100, India",1
-1.4702278,53.3806626,"Sheffield, Yorkshire and the Humber, England, United Kingdom",1
-121.2880059,38.7521235,"Roseville, Placer County, California, United States",1
77.17863479950995,28.5478871,"Foreign Services Institute, Baba Gang Nath Marg, Vasant Vihar Tehsil, New Delhi, Delhi, 110 067, India",1
-104.8253485,38.8339578,"Colorado Springs, El Paso County, Colorado, United States",2
-2.4310797,50.6354106,"Overcombe, Preston, Weymouth, Dorset, South West England, England, DT3 6PZ, United Kingdom",2
7.543,7.1435,"Ede, Olamaboro, Kogi, Nigeria",1
-120.6707255,35.4894169,"Atascadero, San Luis Obispo County, California, United States",1
76.7797143,30.7334421,"Chandigarh, 160018, India",1
-80.0872654,26.275636,"Lighthouse Point, Broward County, Florida, United States",1
14.4212535,50.0874654,"Hlavní město Praha, Praha, Česko",1
-6.588529492009938,53.649784350000004,"County Meath, Leinster, Éire / Ireland",1
35.2715481,0.5198329,"Eldoret, Uasin Gishu, Kenya",1
27.775556,-26.095556,"Krugersdorp, Mogale City Local Municipality, West Rand District Municipality, Gauteng, 1739, South Africa",1
5.12768396945229,52.080985600000005,"Utrecht, Nederland",1
-0.1400561,50.8214626,"Brighton, Brighton and Hove, South East England, England, United Kingdom",1
-1.1535181,51.5751616,"Cholsey, South Oxfordshire, Oxfordshire, South East England, England, OX10 9ND, United Kingdom",1
-76.64805928301772,39.4341766,"Mays Chapel, Baltimore County, Maryland, 21093, United States",1
1.8931874,41.543053,"Olesa de Montserrat, Baix Llobregat, Barcelona, Catalunya, España",1
-45.1070876,-22.7367652,"Lorena, Região Imediata de Guaratinguetá, Região Metropolitana do Vale do Paraíba e Litoral Norte, Região Geográfica Intermediária de São José dos Campos, São Paulo, Região Sudeste, Brasil",1
-79.2441003,43.1579812,"St  Catharines, Niagara Region, Golden Horseshoe, Ontario, Canada",1
-76.5236745,39.2574114,"Dundalk, Baltimore County, Maryland, 21222:21224, United States",1
-56.1913095,-34.9058916,"Montevideo, Uruguay",1
159.1070693851845,-8.7053941,Solomon Islands,1
152.9103525,-31.4299499,"Port Macquarie, Port Macquarie-Hastings Council, New South Wales, 2444, Australia",1
0.0804245,51.5389922,"Barking, London, Greater London, England, IG11 8NL, United Kingdom",1
-0.0188186,51.5844701,"Walthamstow, London, Greater London, England, E17 3AL, United Kingdom",1
-48.4682453,-1.45056,"Belém, Região Geográfica Imediata de Belém, Região Geográfica Intermediária de Belém, Pará, Região Norte, Brasil",1
-87.922497,43.0349931,"Milwaukee, Milwaukee County, Wisconsin, United States",1
4.595298879803307,60.988773949999995,"England, Solund, Vestland, Norge",1
-0.6777104,52.3638663,"Burton Latimer, North Northamptonshire, East Midlands, England, NN15 5LT, United Kingdom",1
7.9999721,9.6000359,Nigeria,1
18.417396,-33.928992,"Cape Town, City of Cape Town, Western Cape, 8001, South Africa",1
-118.91058772974445,34.17142715,"Thousand Oaks, Ventura County, California, United States",1
-4.0938324,51.0720332,"Bickington, North Devon, Devon, South West England, England, EX31 2BW, United Kingdom",1
168.7741626039014,-44.66150785,"Queenstown-Lakes District, Otago, New Zealand / Aotearoa",1
-6.606515459159162,52.46018745,"County Wexford, Leinster, Éire / Ireland",1
-86.5859011,34.729847,"Huntsville, Madison County, Alabama, United States",1
-2.8042467,53.4275807,"Prescot, Knowsley, North West England, England, L34 5SJ, United Kingdom",1
-77.6930602,43.2097838,"Greece, Monroe County, New York, 14626, United States",1
23.431073491576583,-27.4504907,"Kuruman, Ga-Segonyana Ward 1, Ga-Segonyana Local Municipality, John Taolo Gaetsewe District Municipality, Northern Cape, South Africa",1
-118.3483256,33.9188589,"Hawthorne, Los Angeles County, California, United States",1
-81.9179174,41.4553232,"Westlake, Cuyahoga County, Ohio, United States",1
-2.3536565,53.4483208,"Urmston, Flixton Road, Davyhulme, Urmston, Trafford, Greater Manchester, North West England, England, M41 5BG, United Kingdom",1
119.51658041726706,-5.10542405,"Biringkanaya, Makassar, Sulawesi Selatan, Indonesia",1
3.3427924,48.3955294,"Baby, Provins, Seine-et-Marne, Île-de-France, France métropolitaine, 77480, France",1
105.2749984,15.4932733,"ศรีเมืองใหม่, จังหวัดอุบลราชธานี, 34250, ประเทศไทย",1
-4.1411194,57.4733664,"Westhill, Cradlehall and Westhill, Inverness, Highland, Scotland, IV2 5TD, United Kingdom",1
-111.84125,33.3061605,"Chandler, Maricopa County, Arizona, United States",1
-2.5720005,51.5117457,"Filton, South Gloucestershire, South West England, England, BS34, United Kingdom",1
-0.293425,51.7682578,"Jersey Farm, Sandridge, St Albans, Hertfordshire, East of England, England, AL4 9HT, United Kingdom",1
70.6684173,23.2600418,"શિકારપુર, Bhachau Taluka, Kutch District, Gujarat, 370150, India",1
-65.9515546,-33.2762202,"San Luis, Argentina",2
-1.629917,52.802742,"Burton-on-Trent, East Staffordshire, Staffordshire, West Midlands, England, DE14 1JN, United Kingdom",1
23.7814738,67.3303348,"Kolari, Tunturi-Lapin seutukunta, Lappi, Lapin aluehallintovirasto, Manner-Suomi, Suomi / Finland",1
-105.0668085,40.5508527,"Fort Collins, Larimer County, Colorado, United States",1
-1.6230404,6.698081,"Kumasi, Ashanti Region, M9VH+94, Ghana",1
0.4002262,52.1537836,"Carlton, South Cambridgeshire, Cambridgeshire, East of England, England, CB8 9JY, United Kingdom",1
-2.318415,53.4244939,"Sale, Trafford, Greater Manchester, North West England, England, M33 2AB, United Kingdom",1
-37.0774655,-10.9162061,"Aracaju, Região Geográfica Imediata de Aracaju, Região Geográfica Intermediária de Aracaju, Sergipe, Região Nordeste, Brasil",1
32.8540412,39.9207893,"Ankara, Çankaya, Ankara, İç Anadolu Bölgesi, 06420, Türkiye",2
100.6951901,4.2162318,"Sitiawan, Manjung, Perak, 32000, Malaysia",1
-2.2273919,53.0117627,"Newcastle-under-Lyme, Staffordshire, West Midlands, England, United Kingdom",1
0.1783696,51.4481946,"Crayford, Stadium Way, Crayford, London Borough of Bexley, London, Greater London, England, DA1 4HR, United Kingdom",1
-89.4337288,40.0796606,"Illinois, United States",1
29.1209488,36.6217431,"Fethiye, Muğla, Ege Bölgesi, 48518, Türkiye",1
-115.3481135,51.0866897,"Canmore, Town of Canmore, Alberta, T1W 2H4, Canada",1
-2.7283328,53.3646888,"Widnes, Halton, North West England, England, WA8 6BT, United Kingdom",2
-78.88190435163935,42.993581500000005,"Tonawanda, Erie County, New York, United States",1
-74.1496048,40.5834557,"Staten Island, Richmond County, New York, United States",1
-117.968675,33.9930677,"Hacienda Heights, El Monte, Los Angeles County, California, 91745, United States",1
-2.303006671219035,53.4328158,"Sale Water Park, Sale Moor, Sale, Trafford, Greater Manchester, North West England, England, United Kingdom",1
75.1629584,33.6649297,"Jammu and Kashmir, India",1
-118.3406288,33.8358492,"Torrance, Los Angeles County, California, United States",1
85.8394521,20.2602964,"Bhubaneshwar, Bhubaneswar Municipal Corporation, Bhubaneswar (M Corp ), Khordha, Odisha, 751001, India",1
-100.4022714,25.6651051,"San Pedro Garza García, Nuevo León, México",1
27.8998573,-33.0191604,"East London, Buffalo City Metropolitan Municipality, Eastern Cape, 5201, South Africa",1
72.7081876,24.592433,"Mount Abu, Main Market, Mount Abu, Abu Road Tehsil, Sirohi, Rajasthan, 307500, India",1
55.783763,24.25919,"البريمي, محافظة البريمي, عمان",1
-80.0342217,40.5222907,"West View, Allegheny County, Pennsylvania, 15229, United States",1
-4.1685904,55.8191936,"Cambuslang, South Lanarkshire, Scotland, G72 7EL, United Kingdom",1
-0.1932607,51.4570271,"Wandsworth, London, Greater London, England, SW18 1UJ, United Kingdom",1
81.69876379659021,28.944433,"Raniban, Mahabu, दैलेख, मध्य-पश्चिमाञ्चल विकास क्षेत्र, कर्णाली प्रदेश, नेपाल",1
-73.684294,40.9808209,"Rye, Westchester County, New York, United States",1
-1.4659753,53.3006335,"Dronfield, North East Derbyshire, Derbyshire, East Midlands, England, S18 2XD, United Kingdom",1
-117.9389526,34.0686208,"West Covina, Los Angeles County, California, United States",1
-90.0325709,29.910205,"Terrytown, Jefferson Parish, Louisiana, 70056, United States",1
71.6638747,29.394644,"بہاولپور, پنجاب, 63100, پاکستان",1
-85.5644033,38.1942356,"Jeffersontown, Jefferson County, Kentucky, United States",1
7.5750527,9.0113522,"Karu, Municipal Area Council, Federal Capital Territory, Nigeria",1
-0.4178071,51.7066382,"Abbots Langley, Three Rivers, Hertfordshire, East of England, England, WD5 0AP, United Kingdom",1
-75.266289,40.152331,"Blue Bell, Whitpain Township, Montgomery County, Pennsylvania, 19422, United States",1
-103.43622516824473,50.69098685,"Abernethy No  186, Saskatchewan, Canada",1
112.72226716192552,-7.28644985,"Pakis, Sawahan, Surabaya, Jawa Timur, Indonesia",1
-63.8735438,-8.7494525,"Porto Velho, Microrregião Porto Velho, Região Geográfica Intermediária de Porto Velho, Rondônia, Região Norte, Brasil",1
74.724091,41.5089324,Кыргызстан,1
-84.5822632,33.8188333,"Mableton, Cobb County, Georgia, 30126, United States",1
75.6741579,18.9068356,"Maharashtra, India",1
55.4210633,25.3461498,"الشارقة, 60884, الإمارات العربية المتحدة",1
77.3271074,28.5707841,"Noida, Dadri, Gautam Buddha Nagar, Uttar Pradesh, 201301, India",1
137.9966136,-4.11501855,"Papua, Indonesia",1
47.8915271,16.3471243,اليمن,1
139.6987107,35.6645956,"渋谷区, 東京都, 日本",1
-95.2134565,40.0989571,"Holt County, Missouri, United States",1
-70.8800491,42.5584284,"Beverly, Essex County, Massachusetts, United States",1
113.2244162,-8.135205,"Lumajang, Jawa Timur, Indonesia",1
6.5598426150845,53.11201305,"Tynaarlo, Drenthe, Nederland",1
-68.8590201,45.709097,"Maine, United States",1
-49.0745672,-25.3708987,"Quatro Barras, Região Geográfica Imediata de Curitiba, Região Metropolitana de Curitiba, Região Geográfica Intermediária de Curitiba, Paraná, Região Sul, 83420970, Brasil",1
-95.0949303,29.5074538,"League City, Galveston County, Texas, 77573, United States",1
116.80387321707418,-1.22218055,"balikpapan bay, Baru Ulu, Kalimantan Timur, Indonesia",1
-5.8897216,54.2118323,"Newcastle, County Down, Northern Ireland, BT33 0AE, United Kingdom",1
-117.3961623,33.9533546,"Riverside, Riverside County, California, United States",1
135.43555,34.676245,"此花区, 大阪市, 大阪府, 日本",1
-81.6934446,41.5051613,"Cleveland, Cuyahoga County, Ohio, United States",1
0.8911894,51.3144088,"Faversham, Swale, Kent, South East England, England, ME13 8NU, United Kingdom",1
75.8681996,22.7203616,"Indore, Madhya Pradesh, 452001, India",1
-95.7908195,36.0525993,"Broken Arrow, Tulsa County, Oklahoma, 740122, United States",1
-87.0396881,30.6324149,"Milton, Santa Rosa County, Florida, 32572, United States",1
-85.46863795754717,31.163771,"Taylor, Houston County, Alabama, United States",1
16.8914014,52.1405861,"Brodnica, gmina Brodnica, powiat śremski, województwo wielkopolskie, 63-112, Polska",1
-80.0830984,26.3586885,"Boca Raton, Palm Beach County, Florida, United States",1
39.667169,-4.05052,"Mombasa, Coastal Kenya, 80100, Kenya",1
-97.5108636,29.4436555,"Gonzales County, Texas, United States",1
77.401989,23.2584857,"Bhopal, Madhya Pradesh, 462001, India",1
-2.5158237,56.0021385,"Dunbar, East Lothian, Scotland, EH42 1ER, United Kingdom",1
-1.6682654,54.852826,"Craghead, County Durham, North East England, England, DH9 6EQ, United Kingdom",1
-103.433333,49.883333,"Fillmore, Saskatchewan, S0G 1N0, Canada",1
-122.8072257,47.0263876,"Lacey, Thurston County, Washington, United States",1
-1.8275286,52.6843696,"Lichfield, Staffordshire, West Midlands, England, United Kingdom",1
-94.6321795,39.0375053,"Roeland Park, Johnson County, Kansas, 66205, United States",1
-1.4761491,52.9212617,"Derby, East Midlands, England, DE1 2AA, United Kingdom",1
-83.0466403,42.3315509,"Detroit, Wayne County, Michigan, United States",1
139.65627,35.646096,"世田谷区, 東京都, 日本",1
